Número da contratação;Status da contratação;Situação da Execução;Título da contratação;Categoria da contratação;UASG Atual;Data estimada para o início do processo de contratação;Data estimada para a conclusão do processo de contratação;Prazo estimado de duração do processo de contratação (dias);Área requisitante;Nº DFD;Prioridade;Nº do Item no DFD;Data da conclusão da Contratação no DFD;Classificação da Contratação;Código Classe/Grupo;Nome Classe/Grupo;Código PDM material;Nome do PDM material;Código material/serviço;Descrição material/serviço;Unidade Fornecimento;Valor Unitário;Quantidade;Valor Total
"244/2026";Aguardando Aprovação;;"Acompanhamento Arqueológico - Nível II para implantação do Acesso Viário  Quilombola Bombas";SERVICOS;261101;01/04/2026;30/12/2026;273;"Fundação Florestal";"347/2026";"Alto";1;15/09/2026;Serviço;833;Serviços De Engenharia;"";"";20060;"Elaboração / Análise Projeto - Engenharia";"";3.712,5000;1,00000;3.712,5000
"244/2026";Aguardando Aprovação;;"Acompanhamento Arqueológico - Nível II para implantação do Acesso Viário  Quilombola Bombas";SERVICOS;261101;01/04/2026;30/12/2026;273;"Fundação Florestal";"347/2026";"Alto";2;15/09/2026;Serviço;833;Serviços De Engenharia;"";"";20060;"Elaboração / Análise Projeto - Engenharia";"";1.167,5000;1,00000;1.167,5000
"244/2026";Aguardando Aprovação;;"Acompanhamento Arqueológico - Nível II para implantação do Acesso Viário  Quilombola Bombas";SERVICOS;261101;01/04/2026;30/12/2026;273;"Fundação Florestal";"347/2026";"Alto";3;15/09/2026;Serviço;833;Serviços De Engenharia;"";"";20060;"Elaboração / Análise Projeto - Engenharia";"";24.540,0000;12,00000;294.480,0000
"244/2026";Aguardando Aprovação;;"Acompanhamento Arqueológico - Nível II para implantação do Acesso Viário  Quilombola Bombas";SERVICOS;261101;01/04/2026;30/12/2026;273;"Fundação Florestal";"347/2026";"Alto";4;15/09/2026;Serviço;833;Serviços De Engenharia;"";"";20060;"Elaboração / Análise Projeto - Engenharia";"";3.222,5000;1,00000;3.222,5000
"244/2026";Aguardando Aprovação;;"Acompanhamento Arqueológico - Nível II para implantação do Acesso Viário  Quilombola Bombas";SERVICOS;261101;01/04/2026;30/12/2026;273;"Fundação Florestal";"347/2026";"Alto";5;15/09/2026;Serviço;833;Serviços De Engenharia;"";"";20060;"Elaboração / Análise Projeto - Engenharia";"";2.075,0000;1,00000;2.075,0000
"154/2026";Aprovada;;"Gerenciamento de Manutenção FF";SERVICOS;261101;08/01/2026;09/03/2026;60;"GA - Gerência Administrativa";"4/2026";"Médio";1;09/03/2026;Serviço;871;Serviços De Manutenção E Reparo De Produtos Fabricados De Metal,Maquinaria E Equipamentos;"";"";;"";"";3.784.950,0000;1,00000;3.784.950,0000
"184/2026";Aguardando Aprovação;;"Contratação Notion";CONTRATACOES_TIC;261101;31/03/2026;01/06/2026;62;"Fundação Florestal";"12/2026";"Alto";1;31/03/2026;Serviço;131;Serviços de computação em nuvem;"";"";26077;"Software como servico - saas";"";2.200,0000;40,00000;88.000,0000
"6/2026";Aprovada;;"Locação de Equipamentos Diversos";SERVICOS;261101;02/04/2026;30/06/2026;89;"Fundação Florestal";"123/2025";"Baixo";1;31/08/2026;Serviço;859;Outros serviços de suporte;"";"";;"";"";5.000,0000;1,00000;5.000,0000
"6/2026";Aprovada;;"Locação de Equipamentos Diversos";SERVICOS;261101;02/04/2026;30/06/2026;89;"Fundação Florestal";"119/2025";"Médio";1;01/06/2026;Serviço;871;Serviços de manutenção e reparo de produtos fabricados de metal,maquinaria e equipamentos;"";"";21628;"Manutenção filtro / purificador água";"";1.999,0000;10,00000;19.990,0000
"6/2026";Aprovada;;"Locação de Equipamentos Diversos";SERVICOS;261101;02/04/2026;30/06/2026;89;"Fundação Florestal";"157/2025";"Baixo";1;30/10/2026;Serviço;152;Outsourcing De Impressão - Modalidade Locação De Equipamentomais Páginas Impressas;"";"";;"";"";5.000,0000;1,00000;5.000,0000
"81/2026";Aprovada;;"Aquisição de materiais Cooperação técnico-científicaFF-IO/USP - Programa Oceanos	";BENS;261101;14/01/2026;16/03/2026;61;"Programa Oceanos";"272/2025";"Alto";1;15/03/2026;Material;7520;Acessórios e dispositivos para escritório;"";"";;"";"";4.500,0000;1,00000;4.500,0000
"81/2026";Aprovada;;"Aquisição de materiais Cooperação técnico-científicaFF-IO/USP - Programa Oceanos	";BENS;261101;14/01/2026;16/03/2026;61;"Programa Oceanos";"272/2025";"Alto";8;15/03/2026;Material;9999;Itens diversos;"";"";;"";"";51.500,0700;1,00000;51.500,0700
"31/2026";Aprovada;;"Aquisição de equipamentos para embarcações";BENS;261101;15/01/2026;16/03/2026;60;"Programa Oceanos";"274/2025";"Alto";6;15/03/2026;Material;2090;Equipamentos diversos para navios e marinharia;"";"";;"";"";10.000,0000;1,00000;10.000,0000
"27/2026";Aprovada;;"Aquisição de Ferramentas";BENS;261101;29/01/2026;31/03/2026;61;"Refauna SP";"289/2025";"Médio";5;03/03/2026;Material;3460;ACESSÓRIOS PARA MÁQUINAS-FERRAMENTAS;"";"";;"";"";60.000,0000;1,00000;60.000,0000
"27/2026";Aprovada;;"Aquisição de Ferramentas";BENS;261101;29/01/2026;31/03/2026;61;"GA - Gerência Administrativa";"309/2025";"Baixo";1;23/03/2026;Material;6625;Instrumento De Teste E De Medição De Propriedades Elétricas E Eletrônicas;"18713";"Alicate";;"";"";2.500,0000;1,00000;2.500,0000
"27/2026";Aprovada;;"Aquisição de Ferramentas";BENS;261101;29/01/2026;31/03/2026;61;"GA - Gerência Administrativa";"309/2025";"Baixo";2;23/03/2026;Material;5120;Ferramentas Manuais Sem Corte, Não Acionadas  Por  Força  Motriz;"4710";"Cavadeira Dupla";;"";"";1.800,0000;1,00000;1.800,0000
"27/2026";Aprovada;;"Aquisição de Ferramentas";BENS;261101;29/01/2026;31/03/2026;61;"GA - Gerência Administrativa";"309/2025";"Baixo";3;23/03/2026;Material;5120;Ferramentas manuais sem corte, não acionadas  por  força  motriz;"19052";"Cavadeira articulada";;"";"";1.000,0000;1,00000;1.000,0000
"27/2026";Aprovada;;"Aquisição de Ferramentas";BENS;261101;29/01/2026;31/03/2026;61;"GA - Gerência Administrativa";"309/2025";"Baixo";4;23/03/2026;Material;5120;Ferramentas Manuais Sem Corte, Não Acionadas  Por  Força  Motriz;"4872";"Chave Catraca";;"";"";2.000,0000;1,00000;2.000,0000
"27/2026";Aprovada;;"Aquisição de Ferramentas";BENS;261101;29/01/2026;31/03/2026;61;"GA - Gerência Administrativa";"309/2025";"Baixo";5;23/03/2026;Material;5110;Ferramentas Manuais De Corte, Não Acionadas Por Força Motriz;"696";"Facão";;"";"";2.300,0000;1,00000;2.300,0000
"27/2026";Aprovada;;"Aquisição de Ferramentas";BENS;261101;29/01/2026;31/03/2026;61;"GA - Gerência Administrativa";"309/2025";"Baixo";6;23/03/2026;Material;5130;Ferramentas Manuais Acionadas Por Força Motriz;"18460";"Pirógrafo";;"";"";2.800,0000;1,00000;2.800,0000
"27/2026";Aprovada;;"Aquisição de Ferramentas";BENS;261101;29/01/2026;31/03/2026;61;"GA - Gerência Administrativa";"309/2025";"Baixo";7;23/03/2026;Material;5133;Brocas, Alargadores, Escariadores, Manuais E Para Uso Em  Máquinas;"3879";"Broca";;"";"";15.000,0000;1,00000;15.000,0000
"27/2026";Aprovada;;"Aquisição de Ferramentas";BENS;261101;29/01/2026;31/03/2026;61;"GA - Gerência Administrativa";"309/2025";"Baixo";8;23/03/2026;Material;5120;Ferramentas Manuais Sem Corte, Não Acionadas  Por  Força  Motriz;"4873";"Chave Combinada";;"";"";21.000,0000;1,00000;21.000,0000
"27/2026";Aprovada;;"Aquisição de Ferramentas";BENS;261101;29/01/2026;31/03/2026;61;"GA - Gerência Administrativa";"309/2025";"Baixo";9;23/03/2026;Material;5120;Ferramentas Manuais Sem Corte, Não Acionadas  Por  Força  Motriz;"4881";"Chave Fenda";;"";"";11.000,0000;1,00000;11.000,0000
"27/2026";Aprovada;;"Aquisição de Ferramentas";BENS;261101;29/01/2026;31/03/2026;61;"GA - Gerência Administrativa";"309/2025";"Baixo";10;23/03/2026;Material;5120;Ferramentas Manuais Sem Corte, Não Acionadas  Por  Força  Motriz;"4915";"Chave Inglesa";;"";"";3.000,0000;1,00000;3.000,0000
"27/2026";Aprovada;;"Aquisição de Ferramentas";BENS;261101;29/01/2026;31/03/2026;61;"GA - Gerência Administrativa";"309/2025";"Baixo";11;23/03/2026;Material;3220;Máquinas Para Trabalhos Em Madeira;"13129";"Tupia Industrial";;"";"";6.000,0000;1,00000;6.000,0000
"27/2026";Aprovada;;"Aquisição de Ferramentas";BENS;261101;29/01/2026;31/03/2026;61;"GA - Gerência Administrativa";"309/2025";"Baixo";12;23/03/2026;Material;5110;Ferramentas Manuais De Corte, Não Acionadas Por Força Motriz;"7733";"Formão";;"";"";9.000,0000;1,00000;9.000,0000
"27/2026";Aprovada;;"Aquisição de Ferramentas";BENS;261101;29/01/2026;31/03/2026;61;"GA - Gerência Administrativa";"309/2025";"Baixo";13;23/03/2026;Material;5345;Discos E Pedras Abrasivos;"8834";"Lima Acabada";;"";"";5.000,0000;1,00000;5.000,0000
"27/2026";Aprovada;;"Aquisição de Ferramentas";BENS;261101;29/01/2026;31/03/2026;61;"GA - Gerência Administrativa";"309/2025";"Baixo";14;23/03/2026;Material;5120;Ferramentas Manuais Sem Corte, Não Acionadas  Por  Força  Motriz;"13589";"Martelo";;"";"";800,0000;1,00000;800,0000
"27/2026";Aprovada;;"Aquisição de Ferramentas";BENS;261101;29/01/2026;31/03/2026;61;"GA - Gerência Administrativa";"309/2025";"Baixo";15;23/03/2026;Material;5120;Ferramentas Manuais Sem Corte, Não Acionadas  Por  Força  Motriz;"9390";"Marreta";;"";"";1.100,0000;1,00000;1.100,0000
"27/2026";Aprovada;;"Aquisição de Ferramentas";BENS;261101;29/01/2026;31/03/2026;61;"GA - Gerência Administrativa";"309/2025";"Baixo";16;23/03/2026;Material;5110;Ferramentas manuais de corte, não acionadas por força motriz;"1353";"Plaina";;"";"";12.000,0000;1,00000;12.000,0000
"27/2026";Aprovada;;"Aquisição de Ferramentas";BENS;261101;29/01/2026;31/03/2026;61;"GA - Gerência Administrativa";"309/2025";"Baixo";17;23/03/2026;Material;5110;Ferramentas Manuais De Corte, Não Acionadas Por Força Motriz;"627";"Serrote Carpinteiro";;"";"";800,0000;1,00000;800,0000
"27/2026";Aprovada;;"Aquisição de Ferramentas";BENS;261101;29/01/2026;31/03/2026;61;"GA - Gerência Administrativa";"309/2025";"Baixo";18;23/03/2026;Material;3750;Implementos E Ferramentas De Jardinagem;"11419";"Rastelo";;"";"";900,0000;1,00000;900,0000
"27/2026";Aprovada;;"Aquisição de Ferramentas";BENS;261101;29/01/2026;31/03/2026;61;"GA - Gerência Administrativa";"309/2025";"Baixo";19;23/03/2026;Material;5210;Instrumentos de medição para artífices;"12835";"Torquímetro digital";;"";"";3.000,0000;1,00000;3.000,0000
"27/2026";Aprovada;;"Aquisição de Ferramentas";BENS;261101;29/01/2026;31/03/2026;61;"GA - Gerência Administrativa";"309/2025";"Baixo";20;23/03/2026;Material;5210;Instrumentos De Medição Para Artífices;"968";"Trena";;"";"";4.000,0000;1,00000;4.000,0000
"27/2026";Aprovada;;"Aquisição de Ferramentas";BENS;261101;29/01/2026;31/03/2026;61;"GA - Gerência Administrativa";"309/2025";"Baixo";21;23/03/2026;Material;3405;Máquinas De Serrar E Limar;"1107";"Serra Circular";;"";"";1.500,0000;1,00000;1.500,0000
"27/2026";Aprovada;;"Aquisição de Ferramentas";BENS;261101;29/01/2026;31/03/2026;61;"GA - Gerência Administrativa";"309/2025";"Baixo";22;23/03/2026;Material;5110;Ferramentas manuais de corte, não acionadas por força motriz;"12036";"Serra copo";;"";"";500,0000;1,00000;500,0000
"32/2026";Aprovada;;"Aquisição de motocicletas, motonetas e bicicletas";BENS;261101;01/10/2026;30/11/2026;60;"Fundação Florestal";"317/2025";"Médio";2;30/11/2026;Material;2340;Motocicletas, Motonetas E Bicicletas;"";"";;"";"";39.600,0000;1,00000;39.600,0000
"33/2026";Aprovada;Preparação;"Aquisição de equipamentos para resgate - Refauna";BENS;261101;02/01/2026;04/03/2026;61;"Refauna SP";"289/2025";"Médio";1;03/03/2026;Material;8115;CAIXAS, CAIXOTES E ENGRADADOS;"4138";"CAIXA TRANSPORTE ANIMAL";;"";"";2.500.000,0000;1,00000;2.500.000,0000
"33/2026";Aprovada;Preparação;"Aquisição de equipamentos para resgate - Refauna";BENS;261101;02/01/2026;04/03/2026;61;"Refauna SP";"289/2025";"Médio";3;03/03/2026;Material;3590;Equipamentos diversos para serviços profissionais e  comerciais;"30284";"Gancho";;"";"";8.000,0000;1,00000;8.000,0000
"33/2026";Aprovada;Preparação;"Aquisição de equipamentos para resgate - Refauna";BENS;261101;02/01/2026;04/03/2026;61;"Refauna SP";"289/2025";"Médio";4;03/03/2026;Material;6515;INSTRUMENTOS, EQUIPAMENTOS E SUPRIMENTOS MÉDICOS  E  CIRÚRGICOS;"8609";"LAÇO DE CAPTURA";;"";"";20.000,0000;1,00000;20.000,0000
"33/2026";Aprovada;Preparação;"Aquisição de equipamentos para resgate - Refauna";BENS;261101;02/01/2026;04/03/2026;61;"Refauna SP";"289/2025";"Médio";6;03/03/2026;Material;8110;TAMBORES E LATAS;"3799";"BOMBONA";;"";"";35.000,0000;1,00000;35.000,0000
"33/2026";Aprovada;Preparação;"Aquisição de equipamentos para resgate - Refauna";BENS;261101;02/01/2026;04/03/2026;61;"Refauna SP";"289/2025";"Médio";8;03/03/2026;Material;8145;RECIPIENTES ESPECIALIZADOS PARA TRANSPORTE E ARMAZENAGEM;"";"";;"";"";10.000,0000;1,00000;10.000,0000
"33/2026";Aprovada;Preparação;"Aquisição de equipamentos para resgate - Refauna";BENS;261101;02/01/2026;04/03/2026;61;"Refauna SP";"289/2025";"Médio";9;03/03/2026;Material;8125;GARRAFAS E JARROS;"3492";"BEBEDOURO ÁGUA GARRAFÃO";;"";"";6.000,0000;1,00000;6.000,0000
"33/2026";Aprovada;Preparação;"Aquisição de equipamentos para resgate - Refauna";BENS;261101;02/01/2026;04/03/2026;61;"Refauna SP";"289/2025";"Médio";11;03/03/2026;Material;4240;EQUIPAMENTO PARA SEGURANÇA E SALVAMENTO;"419";"LUVA DE PROTEÇÃO";;"";"";20.000,0000;1,00000;20.000,0000
"33/2026";Aprovada;Preparação;"Aquisição de equipamentos para resgate - Refauna";BENS;261101;02/01/2026;04/03/2026;61;"Refauna SP";"289/2025";"Médio";12;03/03/2026;Material;6532;VESTUÁRIO HOSPITALAR E CIRÚRGICO E ITENS CORRELATOS DE  FINALIDADES ESPECIAIS;"";"";;"";"";4.200,0000;1,00000;4.200,0000
"33/2026";Aprovada;Preparação;"Aquisição de equipamentos para resgate - Refauna";BENS;261101;02/01/2026;04/03/2026;61;"Refauna SP";"289/2025";"Médio";14;03/03/2026;Material;8305;Tecidos;"8914";"Lona";;"";"";4.800,0000;1,00000;4.800,0000
"33/2026";Aprovada;Preparação;"Aquisição de equipamentos para resgate - Refauna";BENS;261101;02/01/2026;04/03/2026;61;"Refauna SP";"289/2025";"Médio";15;03/03/2026;Material;4240;Equipamento para segurança e salvamento;"1377";"Óculos proteção";;"";"";5.600,0000;1,00000;5.600,0000
"33/2026";Aprovada;Preparação;"Aquisição de equipamentos para resgate - Refauna";BENS;261101;02/01/2026;04/03/2026;61;"Refauna SP";"289/2025";"Médio";17;03/03/2026;Material;8115;Caixas, Caixotes E Engradados;"4162";"Caixa";;"";"";7.000,0000;1,00000;7.000,0000
"34/2026";Aprovada;;"Aquisição de Material hidráulico	";BENS;261101;09/03/2026;13/05/2026;65;"GA - Gerência Administrativa";"127/2025";"Baixo";1;06/05/2026;Material;5670;Componentes Pré-Fabricados Para Construção;"4117";"Caixa D'Água";;"";"";6.000,0000;1,00000;6.000,0000
"34/2026";Aprovada;;"Aquisição de Material hidráulico	";BENS;261101;09/03/2026;13/05/2026;65;"GA - Gerência Administrativa";"127/2025";"Baixo";2;06/05/2026;Material;4730;Acessórios e ferragens especiais para  mangueiras, canos  e tubos;"14957";"Conexão";626980;"aplicação: máquina emblistadora fabrima, referência: 153046, festo, tipo: conexão rápida qs-1/4"-8";"UN";5,0000;800,00000;4.000,0000
"34/2026";Aprovada;;"Aquisição de Material hidráulico	";BENS;261101;09/03/2026;13/05/2026;65;"GA - Gerência Administrativa";"127/2025";"Baixo";3;06/05/2026;Material;4510;Dispositivos e acessórios para instalações hidráulicas;"4109";"Caixa / componentes - caixa sanitária";;"";"";6.000,0000;1,00000;6.000,0000
"34/2026";Aprovada;;"Aquisição de Material hidráulico	";BENS;261101;09/03/2026;13/05/2026;65;"GA - Gerência Administrativa";"127/2025";"Baixo";4;06/05/2026;Material;8030;Compostos Preservativos E Vedantes;"12586";"Teflon";;"";"";6.000,0000;1,00000;6.000,0000
"34/2026";Aprovada;;"Aquisição de Material hidráulico	";BENS;261101;09/03/2026;13/05/2026;65;"GA - Gerência Administrativa";"127/2025";"Baixo";5;06/05/2026;Material;3040;Equipamentos Diversos De Transmissão De Força;"2052";"Acoplamento Flexivel";607142;"aplicação: eixo de transmissão elemento espaçador, caracteristicas adicionais: bipartido, modelo: v215 rexnord viva, diâmetro interno: 140, material: metal";"UN";12,0000;800,00000;9.600,0000
"34/2026";Aprovada;;"Aquisição de Material hidráulico	";BENS;261101;09/03/2026;13/05/2026;65;"GA - Gerência Administrativa";"127/2025";"Baixo";6;06/05/2026;Material;4510;Dispositivos E Acessórios Para Instalações Hidráulicas;"12056";"Sifão";616677;"aplicação: pia, bitola: 1"  , 1 1/4" e 1 1/2'' ., cor: branca, material: pvc, tipo corpo: sanfonado universal duplo";"UN";15,0000;800,00000;12.000,0000
"34/2026";Aprovada;;"Aquisição de Material hidráulico	";BENS;261101;09/03/2026;13/05/2026;65;"GA - Gerência Administrativa";"127/2025";"Baixo";7;06/05/2026;Material;4510;Dispositivos E Acessórios Para Instalações Hidráulicas;"12820";"Torneira";;"";"";70.000,0000;1,00000;70.000,0000
"34/2026";Aprovada;;"Aquisição de Material hidráulico	";BENS;261101;09/03/2026;13/05/2026;65;"GA - Gerência Administrativa";"127/2025";"Baixo";8;06/05/2026;Material;4710;Canos E Tubos;"13075";"Tubo De Polipropileno";;"";"";80.000,0000;1,00000;80.000,0000
"34/2026";Aprovada;;"Aquisição de Material hidráulico	";BENS;261101;09/03/2026;13/05/2026;65;"Fundação Florestal";"317/2025";"Médio";6;30/11/2026;Material;4510;Dispositivos E Acessórios Para Instalações Hidráulicas;"10697";"Pia";;"";"";2.400,0000;1,00000;2.400,0000
"36/2026";Aprovada;;"Aquisição de materiais para o Programa Manguezais";BENS;261101;18/09/2026;19/11/2026;62;"Programa Manguezais";"120/2025";"Médio";1;20/06/2026;Material;8315;Miudezas e aviamentos para costura;"";"";;"";"";350,0000;1,00000;350,0000
"36/2026";Aprovada;;"Aquisição de materiais para o Programa Manguezais";BENS;261101;18/09/2026;19/11/2026;62;"Programa Manguezais";"150/2025";"Médio";1;20/11/2026;Material;7330;UTENSÍLIOS E FERRAMENTAS MANUAIS DE COZINHA;"";"";;"";"";30.000,0000;1,00000;30.000,0000
"36/2026";Aprovada;;"Aquisição de materiais para o Programa Manguezais";BENS;261101;18/09/2026;19/11/2026;62;"Programa Manguezais";"150/2025";"Médio";2;20/11/2026;Material;8340;Barracas e encerados;"";"";;"";"";6.000,0000;1,00000;6.000,0000
"36/2026";Aprovada;;"Aquisição de materiais para o Programa Manguezais";BENS;261101;18/09/2026;19/11/2026;62;"Programa Manguezais";"150/2025";"Médio";3;20/11/2026;Material;6670;Escalas e balanças;"";"";;"";"";4.000,0000;1,00000;4.000,0000
"36/2026";Aprovada;;"Aquisição de materiais para o Programa Manguezais";BENS;261101;18/09/2026;19/11/2026;62;"Programa Manguezais";"150/2025";"Médio";4;20/11/2026;Material;3590;Equipamentos diversos para serviços profissionais e  comerciais;"";"";;"";"";5.000,0000;1,00000;5.000,0000
"36/2026";Aprovada;;"Aquisição de materiais para o Programa Manguezais";BENS;261101;18/09/2026;19/11/2026;62;"Programa Manguezais";"150/2025";"Médio";5;20/11/2026;Material;4720;Mangueiras e tubulações flexíveis;"";"";;"";"";1.000,0000;1,00000;1.000,0000
"36/2026";Aprovada;;"Aquisição de materiais para o Programa Manguezais";BENS;261101;18/09/2026;19/11/2026;62;"Programa Manguezais";"150/2025";"Médio";6;20/11/2026;Material;5836;Equipamentos para gravação e reprodução de vídeo;"";"";;"";"";10.000,0000;1,00000;10.000,0000
"37/2026";Aprovada;;"Aquisição de eletrodoméstico";BENS;261101;04/05/2026;30/06/2026;57;"GA - Gerência Administrativa";"135/2025";"Baixo";1;30/06/2026;Material;3590;Equipamentos diversos para serviços profissionais e  comerciais;"14029";"Lavadora alta pressão";;"";"";70.000,0000;1,00000;70.000,0000
"38/2026";Aprovada;Preparação;"Aquisição de materiais de consumo para o monitoramento de manguezais	";BENS;261101;21/04/2026;19/06/2026;59;"Programa Manguezais";"120/2025";"Médio";2;20/06/2026;Material;5210;INSTRUMENTOS DE MEDIÇÃO PARA ARTÍFICES;"";"";;"";"";8.000,0000;1,00000;8.000,0000
"38/2026";Aprovada;Preparação;"Aquisição de materiais de consumo para o monitoramento de manguezais	";BENS;261101;21/04/2026;19/06/2026;59;"Programa Manguezais";"120/2025";"Médio";3;20/06/2026;Material;5220;Calibres de inspeção e ferramentas de precisão;"";"";;"";"";1.000,0000;1,00000;1.000,0000
"38/2026";Aprovada;Preparação;"Aquisição de materiais de consumo para o monitoramento de manguezais	";BENS;261101;21/04/2026;19/06/2026;59;"Programa Manguezais";"120/2025";"Médio";4;20/06/2026;Material;5805;Equipamento telefônico e telegráfico;"";"";;"";"";3.000,0000;1,00000;3.000,0000
"38/2026";Aprovada;Preparação;"Aquisição de materiais de consumo para o monitoramento de manguezais	";BENS;261101;21/04/2026;19/06/2026;59;"Programa Manguezais";"120/2025";"Médio";5;20/06/2026;Material;6508;Cosméticos e artigos de toucador de natureza medicinal;"";"";;"";"";15.000,0000;1,00000;15.000,0000
"38/2026";Aprovada;Preparação;"Aquisição de materiais de consumo para o monitoramento de manguezais	";BENS;261101;21/04/2026;19/06/2026;59;"Programa Manguezais";"120/2025";"Médio";6;20/06/2026;Material;3590;Equipamentos diversos para serviços profissionais e  comerciais;"";"";;"";"";23.000,0000;1,00000;23.000,0000
"39/2026";Aprovada;;"Aquisição de kit coleta Pró - Juçara";BENS;261101;30/04/2026;30/06/2026;61;"Pró - Juçara";"320/2025";"Médio";1;30/06/2026;Material;3605;MÁQUINAS E EQUIPAMENTOS PARA PRODUTOS ALIMENTÍCIOS;"";"";;"";"";100.000,0000;1,00000;100.000,0000
"40/2026";Aprovada;;"Aquisição de EPI (Equipamentos de Proteção Individual)	";BENS;261101;30/03/2026;29/05/2026;60;"GA - Gerência Administrativa";"291/2025";"Baixo";2;01/06/2026;Material;4240;Equipamento Para Segurança E Salvamento;"1372";"Capacete Segurança";;"";"";200.000,0000;1,00000;200.000,0000
"40/2026";Aprovada;;"Aquisição de EPI (Equipamentos de Proteção Individual)	";BENS;261101;30/03/2026;29/05/2026;60;"GA - Gerência Administrativa";"291/2025";"Baixo";3;01/06/2026;Material;8465;Equipamentos Individuais;"1424";"Cantil";;"";"";30.000,0000;1,00000;30.000,0000
"40/2026";Aprovada;;"Aquisição de EPI (Equipamentos de Proteção Individual)	";BENS;261101;30/03/2026;29/05/2026;60;"GA - Gerência Administrativa";"291/2025";"Baixo";16;01/06/2026;Material;8465;Equipamentos Individuais;"9831";"Mochila";;"";"";12.000,0000;1,00000;12.000,0000
"40/2026";Aprovada;;"Aquisição de EPI (Equipamentos de Proteção Individual)	";BENS;261101;30/03/2026;29/05/2026;60;"GA - Gerência Administrativa";"298/2025";"Alto";1;29/05/2026;Material;4240;Equipamento Para Segurança E Salvamento;"15299";"Luva Isolante";;"";"";5.000,0000;1,00000;5.000,0000
"40/2026";Aprovada;;"Aquisição de EPI (Equipamentos de Proteção Individual)	";BENS;261101;30/03/2026;29/05/2026;60;"GA - Gerência Administrativa";"298/2025";"Alto";2;29/05/2026;Material;8330;Couros;"8961";"Luva De Couro";;"";"";8.000,0000;1,00000;8.000,0000
"40/2026";Aprovada;;"Aquisição de EPI (Equipamentos de Proteção Individual)	";BENS;261101;30/03/2026;29/05/2026;60;"GA - Gerência Administrativa";"298/2025";"Alto";4;29/05/2026;Material;8465;Equipamentos individuais;"1377";"Óculos proteção";;"";"";5.000,0000;1,00000;5.000,0000
"40/2026";Aprovada;;"Aquisição de EPI (Equipamentos de Proteção Individual)	";BENS;261101;30/03/2026;29/05/2026;60;"GA - Gerência Administrativa";"298/2025";"Alto";5;29/05/2026;Material;4240;Equipamento para segurança e salvamento;"3153";"Avental";;"";"";15.000,0000;1,00000;15.000,0000
"40/2026";Aprovada;;"Aquisição de EPI (Equipamentos de Proteção Individual)	";BENS;261101;30/03/2026;29/05/2026;60;"GA - Gerência Administrativa";"298/2025";"Alto";6;29/05/2026;Material;4240;Equipamento Para Segurança E Salvamento;"1214";"Protetor Auricular";;"";"";10.000,0000;1,00000;10.000,0000
"40/2026";Aprovada;;"Aquisição de EPI (Equipamentos de Proteção Individual)	";BENS;261101;30/03/2026;29/05/2026;60;"GA - Gerência Administrativa";"298/2025";"Alto";7;29/05/2026;Material;6508;Cosméticos E Artigos De Toucador De Natureza Medicinal;"375";"Protetor Solar";;"";"";30.000,0000;1,00000;30.000,0000
"40/2026";Aprovada;;"Aquisição de EPI (Equipamentos de Proteção Individual)	";BENS;261101;30/03/2026;29/05/2026;60;"GA - Gerência Administrativa";"298/2025";"Alto";8;29/05/2026;Material;4240;Equipamento Para Segurança E Salvamento;"1306";"Respirador";;"";"";2.000,0000;1,00000;2.000,0000
"40/2026";Aprovada;;"Aquisição de EPI (Equipamentos de Proteção Individual)	";BENS;261101;30/03/2026;29/05/2026;60;"GA - Gerência Administrativa";"298/2025";"Alto";9;29/05/2026;Material;4240;Equipamento Para Segurança E Salvamento;"1373";"Perneira";;"";"";12.000,0000;1,00000;12.000,0000
"40/2026";Aprovada;;"Aquisição de EPI (Equipamentos de Proteção Individual)	";BENS;261101;30/03/2026;29/05/2026;60;"GA - Gerência Administrativa";"298/2025";"Alto";10;29/05/2026;Material;4240;Equipamento para segurança e salvamento;"12486";"Talabarte de salvamento e seguranca";;"";"";8.000,0000;1,00000;8.000,0000
"40/2026";Aprovada;;"Aquisição de EPI (Equipamentos de Proteção Individual)	";BENS;261101;30/03/2026;29/05/2026;60;"GA - Gerência Administrativa";"298/2025";"Alto";11;29/05/2026;Material;8465;Equipamentos individuais;"7586";"Fita";;"";"";3.000,0000;1,00000;3.000,0000
"40/2026";Aprovada;;"Aquisição de EPI (Equipamentos de Proteção Individual)	";BENS;261101;30/03/2026;29/05/2026;60;"GA - Gerência Administrativa";"298/2025";"Alto";13;29/05/2026;Material;5970;Isoladores elétricos e materiais isolantes;"758";"Tapete";;"";"";6.000,0000;1,00000;6.000,0000
"40/2026";Aprovada;;"Aquisição de EPI (Equipamentos de Proteção Individual)	";BENS;261101;30/03/2026;29/05/2026;60;"GA - Gerência Administrativa";"298/2025";"Alto";15;29/05/2026;Material;3740;Equipamento Para Controle De Pragas, Doenças E Geadas;"7859";"Fumigador";;"";"";10.000,0000;1,00000;10.000,0000
"40/2026";Aprovada;;"Aquisição de EPI (Equipamentos de Proteção Individual)	";BENS;261101;30/03/2026;29/05/2026;60;"GA - Gerência Administrativa";"298/2025";"Alto";17;29/05/2026;Material;4240;Equipamento Para Segurança E Salvamento;"4506";"Capuz Uso Salvamento E Segurança";;"";"";10.000,0000;1,00000;10.000,0000
"40/2026";Aprovada;;"Aquisição de EPI (Equipamentos de Proteção Individual)	";BENS;261101;30/03/2026;29/05/2026;60;"GA - Gerência Administrativa";"298/2025";"Alto";18;29/05/2026;Material;6840;Pesticidas E Desinfetantes;"19398";"Inseticida";;"";"";15.000,0000;1,00000;15.000,0000
"40/2026";Aprovada;;"Aquisição de EPI (Equipamentos de Proteção Individual)	";BENS;261101;30/03/2026;29/05/2026;60;"GA - Gerência Administrativa";"298/2025";"Alto";19;29/05/2026;Material;6310;Sistema De Sinalização De Tráfego E Trânsito;"1477";"Fita Sinalização";;"";"";5.000,0000;1,00000;5.000,0000
"40/2026";Aprovada;;"Aquisição de EPI (Equipamentos de Proteção Individual)	";BENS;261101;30/03/2026;29/05/2026;60;"GA - Gerência Administrativa";"298/2025";"Alto";20;29/05/2026;Material;6840;Pesticidas e desinfetantes;"15161";"Repelente";;"";"";5.000,0000;1,00000;5.000,0000
"40/2026";Aprovada;;"Aquisição de EPI (Equipamentos de Proteção Individual)	";BENS;261101;30/03/2026;29/05/2026;60;"Fundação Florestal";"317/2025";"Médio";3;30/11/2026;Material;4240;Equipamento Para Segurança E Salvamento;"";"";;"";"";3.600,0000;1,00000;3.600,0000
"41/2026";Aprovada;;"Aquisição de materiais para o Componente 2 ? Planos de Refaunação (BID)";BENS;261101;02/01/2026;03/03/2026;60;"Refauna SP";"326/2025";"Alto";2;03/03/2026;Material;5836;Equipamentos para gravação e reprodução de vídeo;"9594";"Memória Em Cartão Magnético";473093;"aplicação: armazenamento de dados, capacidade memória: 32, características adicionais: classe 10, tipo cartao: micro sd";"UN";50,0000;100,00000;5.000,0000
"41/2026";Aprovada;;"Aquisição de materiais para o Componente 2 ? Planos de Refaunação (BID)";BENS;261101;02/01/2026;03/03/2026;60;"Refauna SP";"326/2025";"Alto";3;03/03/2026;Material;6135;Baterias nao recarregáveis;"10708";"Pilha";419859;"características adicionais: não recarregável, modelo: aa, sistema eletroquímico: alcalina, tamanho: pequena, tensão nominal: 1,5";"UN";6,0000;2.500,00000;15.000,0000
"41/2026";Aprovada;;"Aquisição de materiais para o Componente 2 ? Planos de Refaunação (BID)";BENS;261101;02/01/2026;03/03/2026;60;"Refauna SP";"326/2025";"Alto";4;03/03/2026;Material;5836;Equipamentos para gravação e reprodução de vídeo;"293";"Gravador Som";399424;"características adicionais: microfone incorporado,fone ouvido,interface usb 2., fonte alimentação energia: 2 pilhas tipo aa, forma reprodução: mp3, tipo: portátil";"UN";6.400,0000;80,00000;512.000,0000
"41/2026";Aprovada;;"Aquisição de materiais para o Componente 2 ? Planos de Refaunação (BID)";BENS;261101;02/01/2026;03/03/2026;60;"Refauna SP";"326/2025";"Alto";5;03/03/2026;Material;5835;Equipamentos para gravação e reprodução de som;"14829";"Memória Portátil Microcomputador";427903;"aplicação: armazenamento de dados, capacidade memória: 1, interface: usb, tipo: hard disk externo";"UN";1.100,0000;160,00000;176.000,0000
"41/2026";Aprovada;;"Aquisição de materiais para o Componente 2 ? Planos de Refaunação (BID)";BENS;261101;02/01/2026;03/03/2026;60;"Refauna SP";"326/2025";"Alto";6;03/03/2026;Material;4010;Correntes E Cabos De Aço;"4010";"Cabo Aço";608437;"aplicação: fixação de pinos, bitola: 1/8, características adicionais: revestimento plástico, comprimento: 50, tipo: alma de aço, tratamento superficial: galvanizado";"M";40,0000;200,00000;8.000,0000
"41/2026";Aprovada;;"Aquisição de materiais para o Componente 2 ? Planos de Refaunação (BID)";BENS;261101;02/01/2026;03/03/2026;60;"Refauna SP";"326/2025";"Alto";7;03/03/2026;Material;4030;Acessórios Para Cordas, Cabos E Correntes;"8074";"Grampo Para Cabo";484597;"bitola: 3/8, material: ferro fundido galvanizado, tipo uso: cabo aço";"UN";10,0000;200,00000;2.000,0000
"41/2026";Aprovada;;"Aquisição de materiais para o Componente 2 ? Planos de Refaunação (BID)";BENS;261101;02/01/2026;03/03/2026;60;"Refauna SP";"326/2025";"Alto";9;03/03/2026;Material;3770;Selaria, arreamento, chicote e acessórios correlatos para   animais;"1439";"Coleira";313048;"características adicionais: a prova d'água, c/ fivela em aço inox c/ regulagem, material: polipropileno alta resistência, tipo: colar c/ transmissor de sinais, aplicação: animal";"UN";8.000,0000;10,00000;80.000,0000
"41/2026";Aprovada;;"Aquisição de materiais para o Componente 2 ? Planos de Refaunação (BID)";BENS;261101;02/01/2026;03/03/2026;60;"Refauna SP";"326/2025";"Alto";10;03/03/2026;Material;5985;Antenas, guias de onda e itens correlatos;"2534";"Antena Gps";486438;"acessórios: conjunto de cabos e conectores de montagem, aplicação: aparelho gps, características adicionais: memória 128 mb, tamanho da tela: 4.3", com bluetoo, montagem: sucção, tipo: receptora, uso: automóvel";"UN";5.000,0000;2,00000;10.000,0000
"41/2026";Aprovada;;"Aquisição de materiais para o Componente 2 ? Planos de Refaunação (BID)";BENS;261101;02/01/2026;03/03/2026;60;"Refauna SP";"326/2025";"Alto";11;03/03/2026;Material;5811;OUTROS EQUIPAMENTOS CRIPTOLÓGICOS E COMPONENTES;"14541";"RECEPTOR";462187;"APLICAÇÃO: EQUIPAMENTO DE ORIENTAÇÃO, CARACTERÍSTICAS ADICIONAIS: RECEPTOR DE GPS, ALTÍMETRO, BARÔMETRO, CONEXÃOUSB, MODELO: VISTA H, QUANTIDADE CANAIS: 12";"UN";100.000,0000;2,00000;200.000,0000
"42/2026";Aprovada;;"Materiais para Monitoramento da Biodiversidade em Cavernas	";BENS;261101;30/01/2026;31/03/2026;60;"Fundação Florestal";"322/2025";"Médio";3;31/03/2026;Material;6810;Produtos Químicos;"";"";;"";"";1.460,0000;1,00000;1.460,0000
"42/2026";Aprovada;;"Materiais para Monitoramento da Biodiversidade em Cavernas	";BENS;261101;30/01/2026;31/03/2026;60;"Fundação Florestal";"322/2025";"Médio";4;31/03/2026;Material;3770;Selaria, arreamento, chicote e acessórios correlatos para   animais;"16416";"Rede puçá";;"";"";2.700,0000;1,00000;2.700,0000
"42/2026";Aprovada;;"Materiais para Monitoramento da Biodiversidade em Cavernas	";BENS;261101;30/01/2026;31/03/2026;60;"Fundação Florestal";"322/2025";"Médio";5;31/03/2026;Material;9330;Artigos De Plástico;"4149";"Caixa Plástica";;"";"";4.545,0000;1,00000;4.545,0000
"42/2026";Aprovada;;"Materiais para Monitoramento da Biodiversidade em Cavernas	";BENS;261101;30/01/2026;31/03/2026;60;"Fundação Florestal";"322/2025";"Médio";8;31/03/2026;Material;6660;Instrumentos e aparelhos meteorológicos;"8393";"Instrumento de hidrometeorologia";;"";"";9.119,0000;1,00000;9.119,0000
"42/2026";Aprovada;;"Materiais para Monitoramento da Biodiversidade em Cavernas	";BENS;261101;30/01/2026;31/03/2026;60;"Fundação Florestal";"322/2025";"Médio";11;31/03/2026;Material;6685;Instrumentos para medição e controle de pressão,temperatura e umidade;"";"";;"";"";5.759,0000;1,00000;5.759,0000
"43/2026";Aprovada;Edição;"Equipamentos para fauna nas UCs - RefaunaSP";BENS;261101;05/01/2026;03/03/2026;57;"Refauna SP";"289/2025";"Médio";2;03/03/2026;Material;7810;EQUIPAMENTO PARA ATLETISMO E DESPORTO;"16416";"REDE PUÇÁ";;"";"";100.000,0000;1,00000;100.000,0000
"43/2026";Aprovada;Edição;"Equipamentos para fauna nas UCs - RefaunaSP";BENS;261101;05/01/2026;03/03/2026;57;"Refauna SP";"289/2025";"Médio";7;03/03/2026;Material;3770;Selaria, arreamento, chicote e acessórios correlatos para   animais;"1436";"Focinheira";;"";"";12.000,0000;1,00000;12.000,0000
"43/2026";Aprovada;Edição;"Equipamentos para fauna nas UCs - RefaunaSP";BENS;261101;05/01/2026;03/03/2026;57;"Refauna SP";"289/2025";"Médio";10;03/03/2026;Material;3770;SELARIA, ARREAMENTO, CHICOTE E ACESSÓRIOS CORRELATOS PARA   ANIMAIS;"19002";"EQUIPAMENTO / ACESSÓRIO ANIMAL";;"";"";12.000,0000;1,00000;12.000,0000
"43/2026";Aprovada;Edição;"Equipamentos para fauna nas UCs - RefaunaSP";BENS;261101;05/01/2026;03/03/2026;57;"Refauna SP";"289/2025";"Médio";13;03/03/2026;Material;4710;Canos e tubos;"";"";;"";"";52.800,0000;1,00000;52.800,0000
"43/2026";Aprovada;Edição;"Equipamentos para fauna nas UCs - RefaunaSP";BENS;261101;05/01/2026;03/03/2026;57;"Refauna SP";"289/2025";"Médio";16;03/03/2026;Material;3770;Selaria, Arreamento, Chicote E Acessórios Correlatos Para   Animais;"16457";"Gaiola";;"";"";465.000,0000;1,00000;465.000,0000
"43/2026";Aprovada;Edição;"Equipamentos para fauna nas UCs - RefaunaSP";BENS;261101;05/01/2026;03/03/2026;57;"Refauna SP";"290/2025";"Médio";1;26/02/2026;Material;3770;Selaria, arreamento, chicote e acessórios correlatos para   animais;"1439";"Coleira";313048;"características adicionais: a prova d'água, c/ fivela em aço inox c/ regulagem, material: polipropileno alta resistência, tipo: colar c/ transmissor de sinais, aplicação: animal";"UN";20.000,0000;3,00000;60.000,0000
"43/2026";Aprovada;Edição;"Equipamentos para fauna nas UCs - RefaunaSP";BENS;261101;05/01/2026;03/03/2026;57;"Refauna SP";"290/2025";"Médio";3;26/02/2026;Material;5811;Outros equipamentos criptológicos e componentes;"14541";"Receptor";462187;"aplicação: equipamento de orientação, características adicionais: receptor de gps, altímetro, barômetro, conexãousb, modelo: vista h, quantidade canais: 12";"UN";50.000,0000;2,00000;100.000,0000
"146/2026";Aprovada;;"Contratação de Serviços de plantio da FF";BENS;261101;21/09/2026;20/11/2026;60;"Produção Florestal";"363/2025";"Baixo";1;20/11/2026;Serviço;861;Serviços relativos à agricultura, caça, reflorestamento e pesca;"";"";15148;"Plantio de árvore";"";64.000.000,0000;1,00000;64.000.000,0000
"147/2026";Aprovada;Preparação;"Aquisição de veículos FF";BENS;261101;26/02/2026;30/04/2026;63;"GA - Gerência Administrativa";"302/2025";"Médio";1;30/04/2026;Material;2320;Veículos sobre rodas;"648";"Veículo Transporte Pessoal";613097;"capacidade passageiro: 5, combustível: álcool / gasolina, potência mínima: 170, tipo: automóvel, tipo câmbio: automático";"UN";130.000,0000;20,00000;2.600.000,0000
"147/2026";Aprovada;Preparação;"Aquisição de veículos FF";BENS;261101;26/02/2026;30/04/2026;63;"GA - Gerência Administrativa";"302/2025";"Médio";2;30/04/2026;Material;2320;VEÍCULOS SOBRE RODAS;"14415";"VEÍCULO UTILITÁRIO";633355;"CAPACIDADE PASSAGEIRO: 7, CARACTERÍSTICAS ADICIONAIS: TIPO CAMIONETE, CARROCERIA FECHADA, TAMPA TRASEIRA, CARGA ÚTIL: 1.100, CILINDRADA MÍNIMA: 2.8, POTÊNCIA MÍNIMA MOTOR: 140, QUANTIDADE PORTAS: 4, TIPO DIREÇÃO: HIDRÁULICA, TIPO FREIO: ABS, TIPO MOTOR: DIESEL, TIPO REFRIGERAÇÃO: AR CONDICIONADO, AR QUENTE E AR FRIO, TIPO TRAÇÃO: 4X4";"UN";353.000,0000;34,00000;12.002.000,0000
"147/2026";Aprovada;Preparação;"Aquisição de veículos FF";BENS;261101;26/02/2026;30/04/2026;63;"GA - Gerência Administrativa";"302/2025";"Médio";3;30/04/2026;Material;2340;Motocicletas, Motonetas E Bicicletas;"16796";"Motocicleta";318890;"acionamento: elétrico, ano fabricação: corrente, caixa mudança: 5 velocidades, capacidade tanque: mínimo de 10 l, características adicionais: nacional, mínimo 1 ano garantia, ignição eletrônic, combustível: gasolina, cor: branca, potência: mínimo 120 cc e 12,5, tipo motor: 4 tempos";"UN";30.000,0000;20,00000;600.000,0000
"147/2026";Aprovada;Preparação;"Aquisição de veículos FF";BENS;261101;26/02/2026;30/04/2026;63;"GA - Gerência Administrativa";"302/2025";"Médio";4;30/04/2026;Material;2320;VEÍCULOS SOBRE RODAS;"4358";"CAMINHÃO";622819;"CAPACIDADE VOLUMÉTRICA: 10,000, MOTOR: DIESEL, POTÊNCIA MOTOR: 180, TIPO: PIPA";"UN";200.000,0000;4,00000;800.000,0000
"147/2026";Aprovada;Preparação;"Aquisição de veículos FF";BENS;261101;26/02/2026;30/04/2026;63;"GA - Gerência Administrativa";"302/2025";"Médio";5;30/04/2026;Material;2310;Veículos Motorizados De Passageiros;"14411";"Veículo Van";629044;"capacidade passageiro: 20, características adicionais: minibus, bancos reclináveis, cilindrada: 1.950, potência motor: 170, quantidade portas: 04, tipo carroceria: baú, tipo combustível: diesel, tipo direção: eletrica";"UN";400.000,0000;8,00000;3.200.000,0000
"148/2026";Aprovada;;"Aquisição de tratores FF";BENS;261101;03/03/2026;30/04/2026;58;"Fundação Florestal";"159/2025";"Alto";1;30/04/2026;Material;2420;TRATORES SOBRE RODAS;"12936";"TRATOR";460678;"POTÊNCIA: 100, QUANTIDADE MARCHAS FRENTE: MÍNIMO 12, QUANTIDADE MARCHAS RÉ: 4, TIPO COMBUSTÍVEL: DIESEL, TIPO MOTOR: TURBO, TIPO USO: AGRÍCOLA, TRAÇÃO: 4X4";"UN";500.000,0000;20,00000;10.000.000,0000
"148/2026";Aprovada;;"Aquisição de tratores FF";BENS;261101;03/03/2026;30/04/2026;58;"Fundação Florestal";"159/2025";"Alto";2;30/04/2026;Material;3805;EQUIPAMENTOS PARA MOVIMENTAÇÃO E ESCAVAÇÃO DE TERRA;"11726";"RETROESCAVADEIRA";485462;"CAPACIDADE MÍNIMA CARREGADEIRA: 1,3, CAPACIDADE MÍNIMA ESCAVADEIRA: 0,2, POTÊNCIA OPERACIONAL MÍNIMA: 100";"UN";48.000,0000;30,00000;1.440.000,0000
"148/2026";Aprovada;;"Aquisição de tratores FF";BENS;261101;03/03/2026;30/04/2026;58;"Fundação Florestal";"159/2025";"Alto";3;30/04/2026;Material;3710;EQUIPAMENTO PARA PREPARAÇÃO DO SOLO;"1411";"GRADE ARADORA";457476;"CARACTERÍSTICAS ADICIONAIS: CONTROLE REMOTO, DIÂMETRO DISCO: 26, ESTRUTURA: VIGAS TUBULARES, POTÊNCIA REQUERIDA: 90 A 130, QUANTIDADE DISCO: 14";"UN";36.000,0000;30,00000;1.080.000,0000
"148/2026";Aprovada;;"Aquisição de tratores FF";BENS;261101;03/03/2026;30/04/2026;58;"Fundação Florestal";"159/2025";"Alto";4;30/04/2026;Material;3710;EQUIPAMENTO PARA PREPARAÇÃO DO SOLO;"17775";"GRADE NIVELADORA";614956;"CARACTERÍSTICAS ADICIONAIS: CONTROLE REMOTO E RODAS ACIONADAS POR PISTÃO HIDRÁ, DIAMETRO DISCO: MÍNIMO 22 POL, ESPAÇAMENTO: APROXIMADAMENTE 195, ESTRUTURA: VIGAS TUBULARES, LARGURA CORTE: APROXIMADAMENTE 3.310, POTÊNCIA MÍNIMA REQUERIDA TRATOR: 97 A 105 HP, PROFUNDIDADE CORTE: 150 A 180, QUANTIDADE DISCOS: MÍNIMO 36, TIPO ENGATE: ARRASTO";"UN";26.000,0000;30,00000;780.000,0000
"148/2026";Aprovada;;"Aquisição de tratores FF";BENS;261101;03/03/2026;30/04/2026;58;"Fundação Florestal";"159/2025";"Alto";5;30/04/2026;Material;3710;EQUIPAMENTO PARA PREPARAÇÃO DO SOLO;"13556";"ROÇADEIRA AGRÍCOLA";483862;"ALTURA CORTE: 2,5 A 20, LARGURA CORTE: 1,70, QUANTIDADE FACAS: 2, REGULAGEM CORTE: SAPATAS LATERAIS E RODA TRASEIRA, TIPO DIREÇÃO: CARDÃ, TIPO ENGATE: 3 PONTAS";"UN";23.000,0000;30,00000;690.000,0000
"150/2026";Aprovada;;"Aquisição de Coletes Balísticos Nível III-A com capa camuflada	";BENS;261101;14/01/2026;16/03/2026;61;"Fundação Florestal";"29/2025";"Médio";1;15/03/2026;Material;8470;ROUPAS DE PROTEÇÃO CONTRA PROJÉTEIS;"";"";;"";"";365.527,0000;1,00000;365.527,0000
"149/2026";Aprovada;;"Aquisição de material de elétrico	";BENS;261101;02/04/2026;01/06/2026;60;"GA - Gerência Administrativa";"130/2025";"Baixo";1;01/06/2026;Material;4020;CABOS DE FIBRA, CORDOALHAS E BARBANTES;"16932";"FIO";;"";"";200.000,0000;1,00000;200.000,0000
"149/2026";Aprovada;;"Aquisição de material de elétrico	";BENS;261101;02/04/2026;01/06/2026;60;"GA - Gerência Administrativa";"130/2025";"Baixo";2;01/06/2026;Material;5970;Isoladores Elétricos E Materiais Isolantes;"7592";"Fita Isolante Elétrica";;"";"";8.000,0000;1,00000;8.000,0000
"149/2026";Aprovada;;"Aquisição de material de elétrico	";BENS;261101;02/04/2026;01/06/2026;60;"GA - Gerência Administrativa";"130/2025";"Baixo";3;01/06/2026;Material;5945;Relés e solenóides;"";"";;"";"";8.000,0000;1,00000;8.000,0000
"149/2026";Aprovada;;"Aquisição de material de elétrico	";BENS;261101;02/04/2026;01/06/2026;60;"GA - Gerência Administrativa";"130/2025";"Baixo";4;01/06/2026;Material;4510;Dispositivos E Acessórios Para Instalações Hidráulicas;"4976";"Chuveiro Elétrico";;"";"";15.000,0000;1,00000;15.000,0000
"149/2026";Aprovada;;"Aquisição de material de elétrico	";BENS;261101;02/04/2026;01/06/2026;60;"GA - Gerência Administrativa";"130/2025";"Baixo";5;01/06/2026;Material;4510;Dispositivos E Acessórios Para Instalações Hidráulicas;"4977";"Chuveiro Não Elétrico";;"";"";5.000,0000;1,00000;5.000,0000
"149/2026";Aprovada;;"Aquisição de material de elétrico	";BENS;261101;02/04/2026;01/06/2026;60;"GA - Gerência Administrativa";"130/2025";"Baixo";6;01/06/2026;Material;5935;Conectores elétricos;"14716";"Espelho tomada";;"";"";15.000,0000;1,00000;15.000,0000
"149/2026";Aprovada;;"Aquisição de material de elétrico	";BENS;261101;02/04/2026;01/06/2026;60;"GA - Gerência Administrativa";"130/2025";"Baixo";7;01/06/2026;Material;5975;Ferragens E Suprimentos De Eletricidade;"5545";"Condulete";;"";"";8.000,0000;1,00000;8.000,0000
"149/2026";Aprovada;;"Aquisição de material de elétrico	";BENS;261101;02/04/2026;01/06/2026;60;"GA - Gerência Administrativa";"130/2025";"Baixo";8;01/06/2026;Material;6685;Instrumentos para medição e controle de pressão,temperatura e umidade;"5818";"Controlador";;"";"";6.000,0000;1,00000;6.000,0000
"149/2026";Aprovada;;"Aquisição de material de elétrico	";BENS;261101;02/04/2026;01/06/2026;60;"GA - Gerência Administrativa";"130/2025";"Baixo";9;01/06/2026;Material;5925;Disjuntores;"19169";"Disjuntor média tensão";;"";"";18.000,0000;1,00000;18.000,0000
"149/2026";Aprovada;;"Aquisição de material de elétrico	";BENS;261101;02/04/2026;01/06/2026;60;"GA - Gerência Administrativa";"130/2025";"Baixo";10;01/06/2026;Material;4330;Centrifugadores, Separadores E Filtros De Pressão E A Vácuo;"7488";"Filtro Linha";;"";"";9.000,0000;1,00000;9.000,0000
"149/2026";Aprovada;;"Aquisição de material de elétrico	";BENS;261101;02/04/2026;01/06/2026;60;"GA - Gerência Administrativa";"130/2025";"Baixo";11;01/06/2026;Material;5930;Chaves Elétricas;"472";"Interruptor";;"";"";5.000,0000;1,00000;5.000,0000
"149/2026";Aprovada;;"Aquisição de material de elétrico	";BENS;261101;02/04/2026;01/06/2026;60;"GA - Gerência Administrativa";"130/2025";"Baixo";12;01/06/2026;Material;5120;Ferramentas Manuais Sem Corte, Não Acionadas  Por  Força  Motriz;"12273";"Soquete";;"";"";3.000,0000;1,00000;3.000,0000
"149/2026";Aprovada;;"Aquisição de material de elétrico	";BENS;261101;02/04/2026;01/06/2026;60;"GA - Gerência Administrativa";"130/2025";"Baixo";13;01/06/2026;Material;9390;Produtos Diversos Não Metálicos;"17772";"Tomada";;"";"";6.000,0000;1,00000;6.000,0000
"149/2026";Aprovada;;"Aquisição de material de elétrico	";BENS;261101;02/04/2026;01/06/2026;60;"GA - Gerência Administrativa";"130/2025";"Baixo";14;01/06/2026;Material;6250;LUSTRES, SUPORTES PARA LÂMPADAS E ELEMENTOS DE PARTIDA;"10877";"PLAFONIER";;"";"";10.000,0000;1,00000;10.000,0000
"149/2026";Aprovada;;"Aquisição de material de elétrico	";BENS;261101;02/04/2026;01/06/2026;60;"GA - Gerência Administrativa";"130/2025";"Baixo";15;01/06/2026;Material;6240;Lâmpadas elétricas;"19095";"Lâmpada led";;"";"";500.000,0000;1,00000;500.000,0000
"151/2026";Aprovada;;"Manejo lobos guará - ata para contratação de serviços";SERVICOS;261101;04/12/2025;02/02/2026;60;"Fundação Florestal";"292/2025";"Médio";1;02/02/2026;Serviço;835;SERVIÇOS CIENTÍFICOS E OUTROS SERVIÇOS TÉCNICOS;"";"";;"";"";6.400.000,0000;1,00000;6.400.000,0000
"145/2026";Aprovada;;"Transportes rodoviários - prestação de serviço";SERVICOS;261101;30/01/2026;31/03/2026;60;"GA - Gerência Administrativa";"334/2025";"Médio";1;31/03/2026;Material;2320;Veículos sobre rodas;"14329";"Veículo transporte";;"";"";3.000.000,0000;1,00000;3.000.000,0000
"145/2026";Aprovada;;"Transportes rodoviários - prestação de serviço";SERVICOS;261101;30/01/2026;31/03/2026;60;"GA - Gerência Administrativa";"334/2025";"Médio";2;31/03/2026;Material;2320;Veículos sobre rodas;"16426";"Veículo transporte carga";;"";"";8.000.000,0000;1,00000;8.000.000,0000
"47/2026";Aprovada;;"Aquisição de embarcações";BENS;261101;02/04/2026;01/06/2026;60;"GA - Gerência Administrativa";"355/2025";"Baixo";1;01/06/2026;Material;1990;Embarcacoes diversas;"";"";;"";"";600.000,0000;1,00000;600.000,0000
"48/2026";Aprovada;;"Aquisição de materiais GA";BENS;261101;02/04/2026;01/06/2026;60;"GA - Gerência Administrativa";"41/2025";"Baixo";17;01/06/2026;Material;8105;Sacos E Bolsas;"11903";"Saco Plástico Lixo";;"";"";40.000,0000;1,00000;40.000,0000
"48/2026";Aprovada;;"Aquisição de materiais GA";BENS;261101;02/04/2026;01/06/2026;60;"GA - Gerência Administrativa";"291/2025";"Baixo";1;01/06/2026;Material;4310;Bombas E Compressores A Vácuo;"11512";"Bomba";;"";"";150.000,0000;1,00000;150.000,0000
"48/2026";Aprovada;;"Aquisição de materiais GA";BENS;261101;02/04/2026;01/06/2026;60;"GA - Gerência Administrativa";"291/2025";"Baixo";4;01/06/2026;Material;6260;EQUIPAMENTOS DE ILUMINAÇÃO NÃO ELÉTRICOS;"8713";"LANTERNA NÃO ELÉTRICA";;"";"";90.000,0000;1,00000;90.000,0000
"48/2026";Aprovada;;"Aquisição de materiais GA";BENS;261101;02/04/2026;01/06/2026;60;"GA - Gerência Administrativa";"291/2025";"Baixo";5;01/06/2026;Material;4210;Equipamentos Para Combate A Incêndio;"3735";"Bomba Costal";;"";"";250.000,0000;1,00000;250.000,0000
"48/2026";Aprovada;;"Aquisição de materiais GA";BENS;261101;02/04/2026;01/06/2026;60;"GA - Gerência Administrativa";"291/2025";"Baixo";6;01/06/2026;Material;3694;EQUIPAMENTOS E INSTALAÇÕES PARA SANEAMENTO AMBIENTAL;"14932";"SOPRADOR";;"";"";360.000,0000;1,00000;360.000,0000
"48/2026";Aprovada;;"Aquisição de materiais GA";BENS;261101;02/04/2026;01/06/2026;60;"GA - Gerência Administrativa";"291/2025";"Baixo";7;01/06/2026;Material;5120;Ferramentas Manuais Sem Corte, Não Acionadas  Por  Força  Motriz;"4939";"Ferramenta";;"";"";300.000,0000;1,00000;300.000,0000
"48/2026";Aprovada;;"Aquisição de materiais GA";BENS;261101;02/04/2026;01/06/2026;60;"GA - Gerência Administrativa";"291/2025";"Baixo";8;01/06/2026;Material;4210;EQUIPAMENTOS PARA COMBATE A INCÊNDIO;"";"";;"";"";200.000,0000;1,00000;200.000,0000
"48/2026";Aprovada;;"Aquisição de materiais GA";BENS;261101;02/04/2026;01/06/2026;60;"GA - Gerência Administrativa";"291/2025";"Baixo";9;01/06/2026;Material;5130;Ferramentas Manuais Acionadas Por Força Motriz;"10424";"Parafusadeira";;"";"";10.000,0000;1,00000;10.000,0000
"48/2026";Aprovada;;"Aquisição de materiais GA";BENS;261101;02/04/2026;01/06/2026;60;"GA - Gerência Administrativa";"291/2025";"Baixo";10;01/06/2026;Material;3230;Ferramentas E Acessórios De Máquinas Para Trabalho Em  Madeira;"15189";"Sabre";;"";"";50.000,0000;1,00000;50.000,0000
"48/2026";Aprovada;;"Aquisição de materiais GA";BENS;261101;02/04/2026;01/06/2026;60;"GA - Gerência Administrativa";"291/2025";"Baixo";11;01/06/2026;Material;3230;Ferramentas E Acessórios De Máquinas Para Trabalho Em  Madeira;"5902";"Corrente Cortante";;"";"";12.000,0000;1,00000;12.000,0000
"48/2026";Aprovada;;"Aquisição de materiais GA";BENS;261101;02/04/2026;01/06/2026;60;"GA - Gerência Administrativa";"291/2025";"Baixo";12;01/06/2026;Material;4210;Equipamentos Para Combate A Incêndio;"11374";"Queimador Pinga-Fogo";;"";"";30.000,0000;1,00000;30.000,0000
"48/2026";Aprovada;;"Aquisição de materiais GA";BENS;261101;02/04/2026;01/06/2026;60;"GA - Gerência Administrativa";"291/2025";"Baixo";13;01/06/2026;Material;8145;Recipientes especializados para transporte e armazenagem;"13639";"Tanque";;"";"";300.000,0000;1,00000;300.000,0000
"48/2026";Aprovada;;"Aquisição de materiais GA";BENS;261101;02/04/2026;01/06/2026;60;"GA - Gerência Administrativa";"291/2025";"Baixo";14;01/06/2026;Material;3710;Equipamento Para Preparação Do Solo;"1461";"Roçadeira Manual";;"";"";165.000,0000;1,00000;165.000,0000
"48/2026";Aprovada;;"Aquisição de materiais GA";BENS;261101;02/04/2026;01/06/2026;60;"GA - Gerência Administrativa";"291/2025";"Baixo";15;01/06/2026;Material;8340;Barracas E Encerados;"1533";"Cobertura Barraca";;"";"";80.000,0000;1,00000;80.000,0000
"48/2026";Aprovada;;"Aquisição de materiais GA";BENS;261101;02/04/2026;01/06/2026;60;"GA - Gerência Administrativa";"291/2025";"Baixo";17;01/06/2026;Material;8105;Sacos e bolsas;"1186";"Saco impermeável";;"";"";70.000,0000;1,00000;70.000,0000
"48/2026";Aprovada;;"Aquisição de materiais GA";BENS;261101;02/04/2026;01/06/2026;60;"GA - Gerência Administrativa";"291/2025";"Baixo";18;01/06/2026;Material;6650;Instrumentos Óticos, Equipamentos De Teste, Componentes  E Acessórios;"8949";"Lupa";;"";"";4.000,0000;1,00000;4.000,0000
"48/2026";Aprovada;;"Aquisição de materiais GA";BENS;261101;02/04/2026;01/06/2026;60;"GA - Gerência Administrativa";"291/2025";"Baixo";19;01/06/2026;Material;6650;Instrumentos Óticos, Equipamentos De Teste, Componentes  E Acessórios;"3557";"Binóculo";;"";"";8.000,0000;1,00000;8.000,0000
"48/2026";Aprovada;;"Aquisição de materiais GA";BENS;261101;02/04/2026;01/06/2026;60;"GA - Gerência Administrativa";"291/2025";"Baixo";20;01/06/2026;Material;8305;Tecidos;"8914";"Lona";;"";"";22.000,0000;1,00000;22.000,0000
"48/2026";Aprovada;;"Aquisição de materiais GA";BENS;261101;02/04/2026;01/06/2026;60;"GA - Gerência Administrativa";"291/2025";"Baixo";21;01/06/2026;Material;3990;Equipamentos diversos para movimentação de materiais;"7562";"Fita de amarracao";;"";"";10.000,0000;1,00000;10.000,0000
"48/2026";Aprovada;;"Aquisição de materiais GA";BENS;261101;02/04/2026;01/06/2026;60;"GA - Gerência Administrativa";"291/2025";"Baixo";22;01/06/2026;Material;8305;Tecidos;"13985";"Lona Emborrachada";;"";"";20.000,0000;1,00000;20.000,0000
"48/2026";Aprovada;;"Aquisição de materiais GA";BENS;261101;02/04/2026;01/06/2026;60;"GA - Gerência Administrativa";"291/2025";"Baixo";23;01/06/2026;Material;5130;Ferramentas manuais acionadas por força motriz;"581";"Disco abrasivo";;"";"";50.000,0000;1,00000;50.000,0000
"48/2026";Aprovada;;"Aquisição de materiais GA";BENS;261101;02/04/2026;01/06/2026;60;"GA - Gerência Administrativa";"291/2025";"Baixo";24;01/06/2026;Material;9150;Óleos e graxas para corte, lubrificação e sistemas  hidráulicos;"10198";"Óleo lubrificante.";;"";"";10.000,0000;1,00000;10.000,0000
"49/2026";Aprovada;Preparação;"Aquisição de Armadilhas fotográficas";BENS;261101;02/01/2026;03/03/2026;60;"MonitoraBio";"282/2025";"Médio";2;03/03/2026;Material;7060;Peças E Acessórios Para Computadores;"9594";"Memória Em Cartão Magnético";473093;"aplicação: armazenamento de dados, capacidade memória: 32, características adicionais: classe 10, tipo cartao: micro sd";"UN";50,0000;600,00000;30.000,0000
"49/2026";Aprovada;Preparação;"Aquisição de Armadilhas fotográficas";BENS;261101;02/01/2026;03/03/2026;60;"MonitoraBio";"282/2025";"Médio";3;03/03/2026;Material;6135;Baterias Nao Recarregáveis;"10708";"Pilha";419859;"características adicionais: não recarregável, modelo: aa, sistema eletroquímico: alcalina, tamanho: pequena, tensão nominal: 1,5";"UN";6,0000;5.640,00000;33.840,0000
"49/2026";Aprovada;Preparação;"Aquisição de Armadilhas fotográficas";BENS;261101;02/01/2026;03/03/2026;60;"MonitoraBio";"282/2025";"Médio";4;03/03/2026;Material;4010;CORRENTES E CABOS DE AÇO;"4010";"CABO AÇO";608437;"APLICAÇÃO: FIXAÇÃO DE PINOS, BITOLA: 1/8, CARACTERÍSTICAS ADICIONAIS: REVESTIMENTO PLÁSTICO, COMPRIMENTO: 50, TIPO: ALMA DE AÇO, TRATAMENTO SUPERFICIAL: GALVANIZADO";"UN";40,0000;500,00000;20.000,0000
"49/2026";Aprovada;Preparação;"Aquisição de Armadilhas fotográficas";BENS;261101;02/01/2026;03/03/2026;60;"MonitoraBio";"282/2025";"Médio";5;03/03/2026;Material;4030;Acessórios Para Cordas, Cabos E Correntes;"8074";"Grampo Para Cabo";356134;"bitola: 1/8, material: aço, tipo uso: cabo aço";"UN";10,0000;500,00000;5.000,0000
"51/2026";Aprovada;;"Locação de Containers Pró - Juçara";SERVICOS;261101;03/12/2025;03/02/2026;62;"Pró - Juçara";"329/2025";"Alto";1;31/01/2026;Material;4110;EQUIPAMENTO PARA REFRIGERAÇÃO;"5792";"CONTAINER";;"";"";70.000,0000;1,00000;70.000,0000
"152/2026";Aprovada;;"Equipamentos para Unidade móvel de beneficiamento de polpa de juçara "food-truck"";BENS;261101;01/04/2026;29/05/2026;58;"Pró - Juçara";"366/2025";"Médio";1;31/05/2026;Material;7310;Equipamentos para cozinhar, assar e servir alimentos;"";"";;"";"";50.000,0000;1,00000;50.000,0000
"152/2026";Aprovada;;"Equipamentos para Unidade móvel de beneficiamento de polpa de juçara "food-truck"";BENS;261101;01/04/2026;29/05/2026;58;"Pró - Juçara";"366/2025";"Médio";2;31/05/2026;Material;3590;EQUIPAMENTOS DIVERSOS PARA SERVIÇOS PROFISSIONAIS E  COMERCIAIS;"";"";;"";"";150.000,0000;1,00000;150.000,0000
"152/2026";Aprovada;;"Equipamentos para Unidade móvel de beneficiamento de polpa de juçara "food-truck"";BENS;261101;01/04/2026;29/05/2026;58;"Pró - Juçara";"366/2025";"Médio";3;31/05/2026;Material;4130;Componentes de equipamentos para refrigeração e ar  condicionado;"";"";;"";"";10.000,0000;1,00000;10.000,0000
"152/2026";Aprovada;;"Equipamentos para Unidade móvel de beneficiamento de polpa de juçara "food-truck"";BENS;261101;01/04/2026;29/05/2026;58;"Pró - Juçara";"366/2025";"Médio";4;31/05/2026;Material;8145;Recipientes Especializados Para Transporte E Armazenagem;"5792";"Container";;"";"";70.000,0000;1,00000;70.000,0000
"152/2026";Aprovada;;"Equipamentos para Unidade móvel de beneficiamento de polpa de juçara "food-truck"";BENS;261101;01/04/2026;29/05/2026;58;"Pró - Juçara";"366/2025";"Médio";5;31/05/2026;Material;4110;Equipamento para refrigeração;"";"";;"";"";10.000,0000;1,00000;10.000,0000
"152/2026";Aprovada;;"Equipamentos para Unidade móvel de beneficiamento de polpa de juçara "food-truck"";BENS;261101;01/04/2026;29/05/2026;58;"Pró - Juçara";"366/2025";"Médio";6;31/05/2026;Material;3605;Máquinas e equipamentos para produtos alimentícios;"";"";;"";"";60.000,0000;1,00000;60.000,0000
"153/2026";Aprovada;Preparação;"Serviços para Unidade móvel de beneficiamento de polpa de juçara "food-truck"";SERVICOS;261101;01/04/2026;29/05/2026;58;"Pró - Juçara";"366/2025";"Médio";1;31/05/2026;Serviço;881;Serviços de manufatura em insumos físicos que sao propriedade de outros(exceto maquinaria e equipamento);"";"";;"";"";100.000,0000;1,00000;100.000,0000
"153/2026";Aprovada;Preparação;"Serviços para Unidade móvel de beneficiamento de polpa de juçara "food-truck"";SERVICOS;261101;01/04/2026;29/05/2026;58;"Pró - Juçara";"366/2025";"Médio";2;31/05/2026;Serviço;859;Outros serviços de suporte;"";"";;"";"";50.000,0000;1,00000;50.000,0000
"52/2026";Aprovada;;"Aquisição de Kit de Recebimento e Conferência de Sementes Pró - Juçara";BENS;261101;01/05/2026;30/06/2026;60;"Pró - Juçara";"324/2025";"Médio";1;30/06/2026;Material;7510;Artigos para escritório;"";"";;"";"";2.844,6500;1,00000;2.844,6500
"52/2026";Aprovada;;"Aquisição de Kit de Recebimento e Conferência de Sementes Pró - Juçara";BENS;261101;01/05/2026;30/06/2026;60;"Pró - Juçara";"324/2025";"Médio";2;30/06/2026;Material;6670;Escalas e balanças;"";"";;"";"";4.675,0000;1,00000;4.675,0000
"52/2026";Aprovada;;"Aquisição de Kit de Recebimento e Conferência de Sementes Pró - Juçara";BENS;261101;01/05/2026;30/06/2026;60;"Pró - Juçara";"324/2025";"Médio";3;30/06/2026;Material;8105;Sacos e bolsas;"";"";;"";"";718,7500;1,00000;718,7500
"52/2026";Aprovada;;"Aquisição de Kit de Recebimento e Conferência de Sementes Pró - Juçara";BENS;261101;01/05/2026;30/06/2026;60;"Pró - Juçara";"324/2025";"Médio";4;30/06/2026;Material;7040;Equipamentos de entrada de dados;"";"";;"";"";740,0000;1,00000;740,0000
"52/2026";Aprovada;;"Aquisição de Kit de Recebimento e Conferência de Sementes Pró - Juçara";BENS;261101;01/05/2026;30/06/2026;60;"Pró - Juçara";"324/2025";"Médio";5;30/06/2026;Material;9330;Artigos De Plástico;"4149";"Caixa Plástica";;"";"";910,7000;1,00000;910,7000
"52/2026";Aprovada;;"Aquisição de Kit de Recebimento e Conferência de Sementes Pró - Juçara";BENS;261101;01/05/2026;30/06/2026;60;"Pró - Juçara";"324/2025";"Médio";6;30/06/2026;Material;4110;Equipamento Para Refrigeração;"12668";"Termômetro";;"";"";1.869,3000;1,00000;1.869,3000
"52/2026";Aprovada;;"Aquisição de Kit de Recebimento e Conferência de Sementes Pró - Juçara";BENS;261101;01/05/2026;30/06/2026;60;"Pró - Juçara";"324/2025";"Médio";7;30/06/2026;Material;6685;Instrumentos Para Medição E Controle De Pressão,Temperatura E Umidade;"8251";"Higrometro";;"";"";209,9500;1,00000;209,9500
"52/2026";Aprovada;;"Aquisição de Kit de Recebimento e Conferência de Sementes Pró - Juçara";BENS;261101;01/05/2026;30/06/2026;60;"Pró - Juçara";"324/2025";"Médio";8;30/06/2026;Material;4140;Ventiladores, Circuladores De Ar E Ventoinhas;"";"";;"";"";2.834,9500;1,00000;2.834,9500
"52/2026";Aprovada;;"Aquisição de Kit de Recebimento e Conferência de Sementes Pró - Juçara";BENS;261101;01/05/2026;30/06/2026;60;"Pró - Juçara";"324/2025";"Médio";9;30/06/2026;Material;4110;EQUIPAMENTO PARA REFRIGERAÇÃO;"";"";;"";"";28.500,0000;1,00000;28.500,0000
"52/2026";Aprovada;;"Aquisição de Kit de Recebimento e Conferência de Sementes Pró - Juçara";BENS;261101;01/05/2026;30/06/2026;60;"Pró - Juçara";"324/2025";"Médio";10;30/06/2026;Material;7020;Impressoras;"";"";;"";"";7.450,0000;1,00000;7.450,0000
"53/2026";Aprovada;;"Aquisição de Eletrodomésticos e equipamentos - investimento";BENS;261101;02/07/2026;31/08/2026;60;"GA - Gerência Administrativa";"134/2025";"Baixo";1;31/08/2026;Material;7310;Equipamentos Para Cozinhar, Assar E Servir Alimentos;"17704";"Fogão Elétrico";;"";"";80.000,0000;1,00000;80.000,0000
"53/2026";Aprovada;;"Aquisição de Eletrodomésticos e equipamentos - investimento";BENS;261101;02/07/2026;31/08/2026;60;"GA - Gerência Administrativa";"134/2025";"Baixo";2;31/08/2026;Material;4110;Equipamento para refrigeração;"785";"Refrigerador duplex";;"";"";300.000,0000;1,00000;300.000,0000
"53/2026";Aprovada;;"Aquisição de Eletrodomésticos e equipamentos - investimento";BENS;261101;02/07/2026;31/08/2026;60;"GA - Gerência Administrativa";"134/2025";"Baixo";3;31/08/2026;Material;4110;Equipamento Para Refrigeração;"783";"Freezer";;"";"";50.000,0000;1,00000;50.000,0000
"53/2026";Aprovada;;"Aquisição de Eletrodomésticos e equipamentos - investimento";BENS;261101;02/07/2026;31/08/2026;60;"GA - Gerência Administrativa";"134/2025";"Baixo";4;31/08/2026;Material;6530;Mobiliário, equipamentos, utensílios e  suprimentos  hospitalares;"9205";"Máquina lavadora";;"";"";300.000,0000;1,00000;300.000,0000
"53/2026";Aprovada;;"Aquisição de Eletrodomésticos e equipamentos - investimento";BENS;261101;02/07/2026;31/08/2026;60;"GA - Gerência Administrativa";"134/2025";"Baixo";5;31/08/2026;Material;7310;Equipamentos Para Cozinhar, Assar E Servir Alimentos;"1045";"Forno Microondas";;"";"";80.000,0000;1,00000;80.000,0000
"53/2026";Aprovada;;"Aquisição de Eletrodomésticos e equipamentos - investimento";BENS;261101;02/07/2026;31/08/2026;60;"GA - Gerência Administrativa";"134/2025";"Baixo";6;31/08/2026;Material;4110;Equipamento para refrigeração;"3489";"Bebedouro água";;"";"";105.000,0000;1,00000;105.000,0000
"53/2026";Aprovada;;"Aquisição de Eletrodomésticos e equipamentos - investimento";BENS;261101;02/07/2026;31/08/2026;60;"GA - Gerência Administrativa";"134/2025";"Baixo";7;31/08/2026;Material;4130;Componentes de equipamentos para refrigeração e ar  condicionado;"13768";"Aparelho ar condicionado";;"";"";170.000,0000;1,00000;170.000,0000
"53/2026";Aprovada;;"Aquisição de Eletrodomésticos e equipamentos - investimento";BENS;261101;02/07/2026;31/08/2026;60;"GA - Gerência Administrativa";"134/2025";"Baixo";8;31/08/2026;Material;7730;Fonógrafos, Rádios E Televisores De Tipo Doméstico;"12609";"Televisor";;"";"";130.000,0000;1,00000;130.000,0000
"53/2026";Aprovada;;"Aquisição de Eletrodomésticos e equipamentos - investimento";BENS;261101;02/07/2026;31/08/2026;60;"GA - Gerência Administrativa";"134/2025";"Baixo";9;31/08/2026;Material;7195;Mobiliários diversos e acessórios;"17955";"Mesa";;"";"";100.000,0000;1,00000;100.000,0000
"53/2026";Aprovada;;"Aquisição de Eletrodomésticos e equipamentos - investimento";BENS;261101;02/07/2026;31/08/2026;60;"GA - Gerência Administrativa";"134/2025";"Baixo";10;31/08/2026;Material;7105;Mobiliário Doméstico;"331";"Cadeira";;"";"";800.000,0000;1,00000;800.000,0000
"53/2026";Aprovada;;"Aquisição de Eletrodomésticos e equipamentos - investimento";BENS;261101;02/07/2026;31/08/2026;60;"GA - Gerência Administrativa";"134/2025";"Baixo";11;31/08/2026;Material;7310;Equipamentos Para Cozinhar, Assar E Servir Alimentos;"1069";"Cafeteira Elétrica";;"";"";20.000,0000;1,00000;20.000,0000
"53/2026";Aprovada;;"Aquisição de Eletrodomésticos e equipamentos - investimento";BENS;261101;02/07/2026;31/08/2026;60;"GA - Gerência Administrativa";"134/2025";"Baixo";12;31/08/2026;Material;4210;Equipamentos para combate a incêndio;"11512";"Bomba";;"";"";2.196.000,0000;1,00000;2.196.000,0000
"54/2026";Aprovada;;"Aquisição de equipamento de refrigeração";BENS;261101;01/10/2026;30/11/2026;60;"Fundação Florestal";"317/2025";"Médio";5;30/11/2026;Material;4110;Equipamento Para Refrigeração;"";"";;"";"";12.000,0000;1,00000;12.000,0000
"55/2026";Aprovada;;"Aquisição de eletrodoméstico - Consumo	";BENS;261101;01/05/2026;30/06/2026;60;"GA - Gerência Administrativa";"135/2025";"Baixo";2;30/06/2026;Material;7320;EQUIPAMENTOS E APARELHOS DE COZINHA;"13581";"LIQUIDIFICADOR";;"";"";18.000,0000;1,00000;18.000,0000
"55/2026";Aprovada;;"Aquisição de eletrodoméstico - Consumo	";BENS;261101;01/05/2026;30/06/2026;60;"GA - Gerência Administrativa";"135/2025";"Baixo";3;30/06/2026;Material;4140;VENTILADORES, CIRCULADORES DE AR E VENTOINHAS;"710";"VENTILADOR";;"";"";12.000,0000;1,00000;12.000,0000
"55/2026";Aprovada;;"Aquisição de eletrodoméstico - Consumo	";BENS;261101;01/05/2026;30/06/2026;60;"GA - Gerência Administrativa";"135/2025";"Baixo";4;30/06/2026;Material;7910;Enceradeiras E Aspiradores De Pó;"13814";"Aspirador De Pó E Água";;"";"";40.000,0000;1,00000;40.000,0000
"55/2026";Aprovada;;"Aquisição de eletrodoméstico - Consumo	";BENS;261101;01/05/2026;30/06/2026;60;"GA - Gerência Administrativa";"135/2025";"Baixo";5;30/06/2026;Material;4440;Secadores, Desidratadores E Anti-Hidratadores;"6123";"Desumidificador";;"";"";35.000,0000;1,00000;35.000,0000
"55/2026";Aprovada;;"Aquisição de eletrodoméstico - Consumo	";BENS;261101;01/05/2026;30/06/2026;60;"GA - Gerência Administrativa";"135/2025";"Baixo";6;30/06/2026;Material;7330;Utensílios E Ferramentas Manuais De Cozinha;"4806";"Chaleira";;"";"";3.000,0000;1,00000;3.000,0000
"55/2026";Aprovada;;"Aquisição de eletrodoméstico - Consumo	";BENS;261101;01/05/2026;30/06/2026;60;"GA - Gerência Administrativa";"135/2025";"Baixo";7;30/06/2026;Material;7105;Mobiliário Doméstico;"331";"Cadeira";;"";"";800.000,0000;1,00000;800.000,0000
"55/2026";Aprovada;;"Aquisição de eletrodoméstico - Consumo	";BENS;261101;01/05/2026;30/06/2026;60;"GA - Gerência Administrativa";"135/2025";"Baixo";8;30/06/2026;Material;7195;Mobiliários diversos e acessórios;"17955";"Mesa";;"";"";150.000,0000;1,00000;150.000,0000
"55/2026";Aprovada;;"Aquisição de eletrodoméstico - Consumo	";BENS;261101;01/05/2026;30/06/2026;60;"GA - Gerência Administrativa";"135/2025";"Baixo";9;30/06/2026;Material;7105;Mobiliário Doméstico;"12177";"Sofá";;"";"";65.000,0000;1,00000;65.000,0000
"55/2026";Aprovada;;"Aquisição de eletrodoméstico - Consumo	";BENS;261101;01/05/2026;30/06/2026;60;"GA - Gerência Administrativa";"135/2025";"Baixo";10;30/06/2026;Material;7105;Mobiliário Doméstico;"315";"Cama";;"";"";150.000,0000;1,00000;150.000,0000
"55/2026";Aprovada;;"Aquisição de eletrodoméstico - Consumo	";BENS;261101;01/05/2026;30/06/2026;60;"GA - Gerência Administrativa";"135/2025";"Baixo";11;30/06/2026;Material;7320;Equipamentos E Aparelhos De Cozinha;"1097";"Sanduicheira";;"";"";8.000,0000;1,00000;8.000,0000
"55/2026";Aprovada;;"Aquisição de eletrodoméstico - Consumo	";BENS;261101;01/05/2026;30/06/2026;60;"GA - Gerência Administrativa";"135/2025";"Baixo";12;30/06/2026;Material;7210;Utensílios Domésticos;"19711";"Colcha Cama";;"";"";180.000,0000;1,00000;180.000,0000
"56/2026";Aprovada;;"Aquisição de Extintores de Incêndio	";BENS;261101;05/01/2026;06/03/2026;60;"GA - Gerência Administrativa";"124/2025";"Médio";1;04/03/2026;Material;4210;EQUIPAMENTOS PARA COMBATE A INCÊNDIO;"";"";;"";"";200.000,0000;1,00000;200.000,0000
"57/2026";Aprovada;;"Contratação de serviços de recarga e manutenção de extintores de incêndio.";SERVICOS;261101;02/04/2026;01/06/2026;60;"GA - Gerência Administrativa";"117/2025";"Baixo";1;01/06/2026;Material;4210;Equipamentos Para Combate A Incêndio;"";"";;"";"";30.000,0000;1,00000;30.000,0000
"58/2026";Aprovada;;"Aquisição de equipamentos de mergulho Programa Oceanos	";BENS;261101;15/01/2026;16/03/2026;60;"Programa Oceanos";"272/2025";"Alto";3;15/03/2026;Material;4220;Equipamento para mergulho e salvamento marítimo;"";"";;"";"";136.254,4000;1,00000;136.254,4000
"60/2026";Aprovada;;"Aquisição de Materiais para Monitoramento da Biodiversidade em Cavernas";BENS;261101;30/01/2026;31/03/2026;60;"Fundação Florestal";"322/2025";"Médio";1;31/03/2026;Material;4710;Canos E Tubos;"";"";;"";"";3.200,0000;1,00000;3.200,0000
"60/2026";Aprovada;;"Aquisição de Materiais para Monitoramento da Biodiversidade em Cavernas";BENS;261101;30/01/2026;31/03/2026;60;"Fundação Florestal";"322/2025";"Médio";2;31/03/2026;Material;4710;Canos E Tubos;"";"";;"";"";175,0000;1,00000;175,0000
"60/2026";Aprovada;;"Aquisição de Materiais para Monitoramento da Biodiversidade em Cavernas";BENS;261101;30/01/2026;31/03/2026;60;"Fundação Florestal";"322/2025";"Médio";6;31/03/2026;Material;8105;Sacos e bolsas;"6589";"Envelope plástico";;"";"";334,0000;1,00000;334,0000
"60/2026";Aprovada;;"Aquisição de Materiais para Monitoramento da Biodiversidade em Cavernas";BENS;261101;30/01/2026;31/03/2026;60;"Fundação Florestal";"322/2025";"Médio";7;31/03/2026;Material;6635;Equipamentos Para Testes De Propriedades Físicas;"";"";;"";"";1.080,0000;1,00000;1.080,0000
"60/2026";Aprovada;;"Aquisição de Materiais para Monitoramento da Biodiversidade em Cavernas";BENS;261101;30/01/2026;31/03/2026;60;"Fundação Florestal";"322/2025";"Médio";10;31/03/2026;Material;6350;Sistemas Diversos De Sinalização, Alarme E Detecção Para  Segurança;"";"";;"";"";14.828,0000;1,00000;14.828,0000
"59/2026";Aprovada;Preparação;"Aquisição de EPI SP sem fogo";BENS;261101;29/01/2026;30/03/2026;60;"SP sem FOGO";"299/2025";"Alto";4;30/03/2026;Material;4240;Equipamento para segurança e salvamento;"1372";"Capacete Segurança";626356;"aplicação: combate a incêndio, características adicionais: suspensão com carneira ajustável, cor: amarela, material: policarbonato";"UN";66,1100;478,00000;31.600,5800
"59/2026";Aprovada;Preparação;"Aquisição de EPI SP sem fogo";BENS;261101;29/01/2026;30/03/2026;60;"SP sem FOGO";"299/2025";"Alto";5;30/03/2026;Material;4240;Equipamento para segurança e salvamento;"13711";"Máscara Multiuso";468372;"características adicionais: semifacial, modelo anatômico, cor: com cor, finalidade: proteção individual, dupla camada, material: 100% algodão, tamanho: adulto, tipo correia: ajuste c/ elástico orelhas, tipo uso: reutilizável";"UN";367,0400;478,00000;175.445,1200
"59/2026";Aprovada;Preparação;"Aquisição de EPI SP sem fogo";BENS;261101;29/01/2026;30/03/2026;60;"SP sem FOGO";"299/2025";"Alto";6;30/03/2026;Material;6532;Vestuário hospitalar e cirúrgico e itens correlatos de  finalidades especiais;"30032";"Máscara Proteção Resp. C/ Anvisa";485532;"adicional: carvão ativado, adicional 2: s/ válvula, classe: pff2, n95 ou equivalente, componente: clipe nasal, cor: c/ cor, esterilidade: descartável, filtro: eficiência filtração mín. 94% s, material: camadas fibras sintéticas, modelo: respirador dobrável, tipo bico de pato, tamanho: adulto, tipo fixação: tiras vedação anatômica";"UN";3,0000;9.560,00000;28.680,0000
"59/2026";Aprovada;Preparação;"Aquisição de EPI SP sem fogo";BENS;261101;29/01/2026;30/03/2026;60;"SP sem FOGO";"299/2025";"Alto";9;30/03/2026;Material;8465;Equipamentos Individuais;"1424";"Cantil";221982;"capacidade: 1.000, características adicionais: com corrente na tampa e presilha cinto n.a., material: alumínio, peso: 250";"UN";149,3600;478,00000;71.394,0800
"59/2026";Aprovada;Preparação;"Aquisição de EPI SP sem fogo";BENS;261101;29/01/2026;30/03/2026;60;"SP sem FOGO";"299/2025";"Alto";10;30/03/2026;Material;8465;Equipamentos individuais;"696";"Facão";633358;"comprimento: 18, material cabo: polipropileno, material lâmina: aço, tipo: para mato";"UN";80,0000;478,00000;38.240,0000
"59/2026";Aprovada;Preparação;"Aquisição de EPI SP sem fogo";BENS;261101;29/01/2026;30/03/2026;60;"SP sem FOGO";"299/2025";"Alto";11;30/03/2026;Material;8465;Equipamentos individuais;"5022";"Cinto Segurança";269936;"características adicionais: acessórios com regulagem, comprimento: 1,17, cor: verde, material: nylon, revestimento interno: náilon, uso: uniforme de combatente de incêndio";"UN";100,0000;478,00000;47.800,0000
"61/2026";Aprovada;;"Aquisição de Medidor Multiparâmetro e Paquímetro MonitoraBio";BENS;261101;06/01/2026;11/03/2026;64;"MonitoraBio";"286/2025";"Alto";1;28/02/2026;Material;6635;Equipamentos para testes de propriedades físicas;"15180";"Módulo monitor multiparâmetro";;"";"";148.800,0000;1,00000;148.800,0000
"61/2026";Aprovada;;"Aquisição de Medidor Multiparâmetro e Paquímetro MonitoraBio";BENS;261101;06/01/2026;11/03/2026;64;"MonitoraBio";"286/2025";"Alto";2;28/02/2026;Material;6630;Instrumentos para análises químicas;"2481";"Analisador químico";;"";"";62.000,0000;1,00000;62.000,0000
"61/2026";Aprovada;;"Aquisição de Medidor Multiparâmetro e Paquímetro MonitoraBio";BENS;261101;06/01/2026;11/03/2026;64;"MonitoraBio";"286/2025";"Alto";3;28/02/2026;Material;5220;Calibres De Inspeção E Ferramentas De Precisão;"1039";"Paquímetro Digital";;"";"";6.000,0000;1,00000;6.000,0000
"35/2026";Aprovada;;"Aquisição de ferragens e ferramentas de corte";BENS;261101;17/04/2026;17/06/2026;61;"GA - Gerência Administrativa";"132/2025";"Baixo";1;17/06/2026;Material;5110;Ferramentas manuais de corte, não acionadas por força motriz;"695";"Arco serra";;"";"";9.000,0000;1,00000;9.000,0000
"35/2026";Aprovada;;"Aquisição de ferragens e ferramentas de corte";BENS;261101;17/04/2026;17/06/2026;61;"GA - Gerência Administrativa";"132/2025";"Baixo";2;17/06/2026;Material;5340;Ferragens Diversas;"554";"Cadeado";;"";"";12.000,0000;1,00000;12.000,0000
"35/2026";Aprovada;;"Aquisição de ferragens e ferramentas de corte";BENS;261101;17/04/2026;17/06/2026;61;"GA - Gerência Administrativa";"132/2025";"Baixo";3;17/06/2026;Material;4010;Correntes e cabos de aço;"5899";"Corrente soldada";;"";"";15.000,0000;1,00000;15.000,0000
"35/2026";Aprovada;;"Aquisição de ferragens e ferramentas de corte";BENS;261101;17/04/2026;17/06/2026;61;"GA - Gerência Administrativa";"132/2025";"Baixo";4;17/06/2026;Material;5340;Ferragens Diversas;"13880";"Dobradiça";;"";"";30.000,0000;1,00000;30.000,0000
"35/2026";Aprovada;;"Aquisição de ferragens e ferramentas de corte";BENS;261101;17/04/2026;17/06/2026;61;"GA - Gerência Administrativa";"132/2025";"Baixo";5;17/06/2026;Material;3455;Ferramentas De Cortar Para Máquinas Ferramenta;"17945";"Lâmina";;"";"";3.000,0000;1,00000;3.000,0000
"35/2026";Aprovada;;"Aquisição de ferragens e ferramentas de corte";BENS;261101;17/04/2026;17/06/2026;61;"GA - Gerência Administrativa";"132/2025";"Baixo";6;17/06/2026;Material;5680;Materiais Diversos Para Construção;"11347";"Cantoneira";;"";"";4.000,0000;1,00000;4.000,0000
"35/2026";Aprovada;;"Aquisição de ferragens e ferramentas de corte";BENS;261101;17/04/2026;17/06/2026;61;"GA - Gerência Administrativa";"132/2025";"Baixo";7;17/06/2026;Material;5340;Ferragens Diversas;"564";"Tarjeta";;"";"";4.000,0000;1,00000;4.000,0000
"35/2026";Aprovada;;"Aquisição de ferragens e ferramentas de corte";BENS;261101;17/04/2026;17/06/2026;61;"GA - Gerência Administrativa";"132/2025";"Baixo";8;17/06/2026;Material;5120;Ferramentas manuais sem corte, não acionadas  por  força  motriz;"13634";"Peça / componente roçadeira";;"";"";8.000,0000;1,00000;8.000,0000
"35/2026";Aprovada;;"Aquisição de ferragens e ferramentas de corte";BENS;261101;17/04/2026;17/06/2026;61;"GA - Gerência Administrativa";"132/2025";"Baixo";9;17/06/2026;Material;4510;Dispositivos E Acessórios Para Instalações Hidráulicas;"18793";"Parafuso";;"";"";70.000,0000;1,00000;70.000,0000
"35/2026";Aprovada;;"Aquisição de ferragens e ferramentas de corte";BENS;261101;17/04/2026;17/06/2026;61;"GA - Gerência Administrativa";"132/2025";"Baixo";10;17/06/2026;Material;5315;Pregos, chavetas e pinos;"13621";"Prego";;"";"";70.000,0000;1,00000;70.000,0000
"35/2026";Aprovada;;"Aquisição de ferragens e ferramentas de corte";BENS;261101;17/04/2026;17/06/2026;61;"GA - Gerência Administrativa";"132/2025";"Baixo";11;17/06/2026;Material;5310;Porcas e arruelas;"642";"Arruela";;"";"";8.000,0000;1,00000;8.000,0000
"62/2026";Aprovada;;"Aquisição de material de construção ";BENS;261101;15/01/2026;16/03/2026;60;"GA - Gerência Administrativa";"109/2025";"Baixo";1;16/03/2026;Material;5680;MATERIAIS DIVERSOS PARA CONSTRUÇÃO;"";"";;"";"";500.000,0000;1,00000;500.000,0000
"63/2026";Aprovada;;"Aquisição de Equipamentos de som e imagem";BENS;261101;02/04/2026;01/06/2026;60;"GA - Gerência Administrativa";"349/2025";"Médio";1;01/06/2026;Material;5835;Equipamentos para gravação e reprodução de som;"";"";;"";"";50.000,0000;1,00000;50.000,0000
"64/2026";Aprovada;;"Aquisição de Gravadores bioacústicos autônomos MonitoraBio";BENS;261101;29/12/2025;27/02/2026;60;"MonitoraBio";"285/2025";"Médio";1;27/02/2026;Material;5835;Equipamentos para gravação e reprodução de som;"";"";;"";"";1.200.000,0000;1,00000;1.200.000,0000
"64/2026";Aprovada;;"Aquisição de Gravadores bioacústicos autônomos MonitoraBio";BENS;261101;29/12/2025;27/02/2026;60;"MonitoraBio";"285/2025";"Médio";4;27/02/2026;Material;6135;Baterias Nao Recarregáveis;"";"";;"";"";3.000,0000;1,00000;3.000,0000
"65/2026";Aprovada;;"Aquisição de equipamento Cooperação técnico-científicaFF-IO/USP - Programa Oceanos";BENS;261101;16/01/2026;16/03/2026;59;"Programa Oceanos";"272/2025";"Alto";4;15/03/2026;Material;6135;Baterias nao recarregáveis;"";"";;"";"";23.716,8000;1,00000;23.716,8000
"65/2026";Aprovada;;"Aquisição de equipamento Cooperação técnico-científicaFF-IO/USP - Programa Oceanos";BENS;261101;16/01/2026;16/03/2026;59;"Programa Oceanos";"272/2025";"Alto";5;15/03/2026;Material;7060;Peças e acessórios para computadores;"";"";;"";"";36.998,0000;1,00000;36.998,0000
"65/2026";Aprovada;;"Aquisição de equipamento Cooperação técnico-científicaFF-IO/USP - Programa Oceanos";BENS;261101;16/01/2026;16/03/2026;59;"Programa Oceanos";"272/2025";"Alto";6;15/03/2026;Material;5835;Equipamentos para gravação e reprodução de som;"";"";;"";"";10.400,0000;1,00000;10.400,0000
"65/2026";Aprovada;;"Aquisição de equipamento Cooperação técnico-científicaFF-IO/USP - Programa Oceanos";BENS;261101;16/01/2026;16/03/2026;59;"Programa Oceanos";"272/2025";"Alto";7;15/03/2026;Material;5835;Equipamentos para gravação e reprodução de som;"";"";;"";"";48.993,0000;1,00000;48.993,0000
"65/2026";Aprovada;;"Aquisição de equipamento Cooperação técnico-científicaFF-IO/USP - Programa Oceanos";BENS;261101;16/01/2026;16/03/2026;59;"Programa Oceanos";"274/2025";"Alto";4;15/03/2026;Material;6630;Instrumentos para análises químicas;"";"";;"";"";221.718,6000;1,00000;221.718,6000
"65/2026";Aprovada;;"Aquisição de equipamento Cooperação técnico-científicaFF-IO/USP - Programa Oceanos";BENS;261101;16/01/2026;16/03/2026;59;"Programa Oceanos";"274/2025";"Alto";11;15/03/2026;Material;6635;Equipamentos para testes de propriedades físicas;"";"";;"";"";169.211,9900;1,00000;169.211,9900
"66/2026";Aprovada;;"Aquisição de rádio colares - Refauna";BENS;261101;13/01/2026;26/03/2026;72;"Refauna SP";"290/2025";"Médio";2;26/02/2026;Material;5985;Antenas, guias de onda e itens correlatos;"2534";"Antena gps";;"";"";40.000,0000;1,00000;40.000,0000
"67/2026";Aprovada;;"Aquisição de bateria estacionária	";BENS;261101;02/06/2026;31/07/2026;59;"GA - Gerência Administrativa";"142/2025";"Baixo";1;30/07/2026;Material;6135;Baterias nao recarregáveis;"3475";"Bateria recarregável";;"";"";300.000,0000;1,00000;300.000,0000
"73/2026";Aprovada;;"Aquisição de câmera fotográfica Refauna";BENS;261101;02/01/2026;03/03/2026;60;"Refauna SP";"326/2025";"Alto";1;03/03/2026;Material;6720;Câmaras fotográficas;"3002";"Armadilha Animal";623698;"características adicionais: 24.0 megapixels, 0,3 segundo de tempo de disparo, componentes: sistema liga/desliga magnético, sensor infraverme, material: plástico abs, tipo: fotográfica";"UN";3.300,0000;100,00000;330.000,0000
"73/2026";Aprovada;;"Aquisição de câmera fotográfica Refauna";BENS;261101;02/01/2026;03/03/2026;60;"Refauna SP";"326/2025";"Alto";8;03/03/2026;Material;6760;Equipamento fotográfico e acessórios;"8762";"Leitora Cartão / Peças E Acessórios";465985;"compatibilidade: windows 7, windows 8.1, windows 10, conectividade: usb 3.1, taxa transferência: até 10 gbs, tipo: externa para cartões xqd/sdxc/sdhc";"UN";100,0000;100,00000;10.000,0000
"74/2026";Aprovada;;"Aquisição de câmera fotográfica MonitoraBio";BENS;261101;02/01/2026;03/03/2026;60;"MonitoraBio";"285/2025";"Médio";2;27/02/2026;Material;6760;EQUIPAMENTO FOTOGRÁFICO E ACESSÓRIOS;"1683";"CARTÃO MAGNÉTICO - MÁQUINA FOTOGRÁFICA";;"";"";300.000,0000;1,00000;300.000,0000
"74/2026";Aprovada;;"Aquisição de câmera fotográfica MonitoraBio";BENS;261101;02/01/2026;03/03/2026;60;"MonitoraBio";"285/2025";"Médio";3;27/02/2026;Material;6760;EQUIPAMENTO FOTOGRÁFICO E ACESSÓRIOS;"8762";"LEITORA CARTÃO / PEÇAS E ACESSÓRIOS";;"";"";1.000,0000;1,00000;1.000,0000
"74/2026";Aprovada;;"Aquisição de câmera fotográfica MonitoraBio";BENS;261101;02/01/2026;03/03/2026;60;"Programa Oceanos";"273/2025";"Alto";1;15/03/2026;Material;6760;Equipamento fotográfico e acessórios;"";"";;"";"";87.600,0000;1,00000;87.600,0000
"74/2026";Aprovada;;"Aquisição de câmera fotográfica MonitoraBio";BENS;261101;02/01/2026;03/03/2026;60;"MonitoraBio";"282/2025";"Médio";1;03/03/2026;Material;6720;Câmaras fotográficas;"3002";"Armadilha Animal";623698;"características adicionais: 24.0 megapixels, 0,3 segundo de tempo de disparo, componentes: sistema liga/desliga magnético, sensor infraverme, material: plástico abs, tipo: fotográfica";"UN";3.300,0000;470,00000;1.551.000,0000
"68/2026";Aprovada;;"Aquisição de produtos, medicamentos e vacinas para uso veterinário.";BENS;261101;16/03/2026;15/05/2026;60;"GA - Gerência Administrativa";"137/2025";"Médio";1;15/05/2026;Material;6509;Drogas e produtos biológicos de uso veterinário;"";"";;"";"";39.000,0000;1,00000;39.000,0000
"75/2026";Aprovada;;"Aquisição de material de higiene e limpeza";BENS;261101;02/04/2026;01/06/2026;60;"GA - Gerência Administrativa";"41/2025";"Baixo";1;01/06/2026;Material;9999;ITENS DIVERSOS;"";"";;"";"";130.000,0000;1,00000;130.000,0000
"75/2026";Aprovada;;"Aquisição de material de higiene e limpeza";BENS;261101;02/04/2026;01/06/2026;60;"GA - Gerência Administrativa";"41/2025";"Baixo";2;01/06/2026;Material;7930;COMPOSTOS E PREPARADOS PARA LIMPEZA E POLIMENTO;"2166";"ÁGUA SANITÁRIA";;"";"";3.900,0000;1,00000;3.900,0000
"75/2026";Aprovada;;"Aquisição de material de higiene e limpeza";BENS;261101;02/04/2026;01/06/2026;60;"GA - Gerência Administrativa";"41/2025";"Baixo";3;01/06/2026;Material;6810;PRODUTOS QUÍMICOS;"18189";"ÁLCOOL ETÍLICO";;"";"";21.366,2400;1,00000;21.366,2400
"75/2026";Aprovada;;"Aquisição de material de higiene e limpeza";BENS;261101;02/04/2026;01/06/2026;60;"GA - Gerência Administrativa";"41/2025";"Baixo";4;01/06/2026;Material;6840;Pesticidas e desinfetantes;"6136";"Detergente";;"";"";6.000,0000;1,00000;6.000,0000
"75/2026";Aprovada;;"Aquisição de material de higiene e limpeza";BENS;261101;02/04/2026;01/06/2026;60;"GA - Gerência Administrativa";"41/2025";"Baixo";5;01/06/2026;Material;7930;Compostos e preparados para limpeza e polimento;"11863";"Sabão barra";;"";"";2.000,0000;1,00000;2.000,0000
"75/2026";Aprovada;;"Aquisição de material de higiene e limpeza";BENS;261101;02/04/2026;01/06/2026;60;"GA - Gerência Administrativa";"41/2025";"Baixo";6;01/06/2026;Material;7930;Compostos e preparados para limpeza e polimento;"11865";"Sabão pó";;"";"";1.000,0000;1,00000;1.000,0000
"75/2026";Aprovada;;"Aquisição de material de higiene e limpeza";BENS;261101;02/04/2026;01/06/2026;60;"GA - Gerência Administrativa";"41/2025";"Baixo";7;01/06/2026;Material;8520;Sabonetes, artigos para barbear e dentifrícios;"11870";"Sabonete líquido";;"";"";3.300,0000;1,00000;3.300,0000
"75/2026";Aprovada;;"Aquisição de material de higiene e limpeza";BENS;261101;02/04/2026;01/06/2026;60;"GA - Gerência Administrativa";"41/2025";"Baixo";8;01/06/2026;Material;6810;Produtos químicos;"790";"Hipoclorito de sódio";;"";"";3.700,0000;1,00000;3.700,0000
"75/2026";Aprovada;;"Aquisição de material de higiene e limpeza";BENS;261101;02/04/2026;01/06/2026;60;"GA - Gerência Administrativa";"41/2025";"Baixo";9;01/06/2026;Material;6850;Especialidades químicas diversas;"2287";"Algicida";;"";"";1.000,0000;1,00000;1.000,0000
"75/2026";Aprovada;;"Aquisição de material de higiene e limpeza";BENS;261101;02/04/2026;01/06/2026;60;"GA - Gerência Administrativa";"41/2025";"Baixo";10;01/06/2026;Material;6850;Especialidades Químicas Diversas;"1711";"Clarificante";;"";"";400,0000;1,00000;400,0000
"75/2026";Aprovada;;"Aquisição de material de higiene e limpeza";BENS;261101;02/04/2026;01/06/2026;60;"GA - Gerência Administrativa";"41/2025";"Baixo";11;01/06/2026;Material;7920;Vassouras, Escovas, Rodos, Esponjas E Esfregões;"7042";"Esponja Limpeza";;"";"";400,0000;1,00000;400,0000
"75/2026";Aprovada;;"Aquisição de material de higiene e limpeza";BENS;261101;02/04/2026;01/06/2026;60;"GA - Gerência Administrativa";"41/2025";"Baixo";12;01/06/2026;Material;9320;Artigos de borracha;"8958";"Luva Borracha";477578;"características adicionais: aveludada internamente, antiderrapante e bordas aj, cor: amarela, material: látex natural, tamanho: sob medida";"PAR";4,5000;1.000,00000;4.500,0000
"75/2026";Aprovada;;"Aquisição de material de higiene e limpeza";BENS;261101;02/04/2026;01/06/2026;60;"GA - Gerência Administrativa";"41/2025";"Baixo";13;01/06/2026;Material;7920;Vassouras, escovas, rodos, esponjas e esfregões;"10344";"Pano limpeza";;"";"";6.500,0000;1,00000;6.500,0000
"75/2026";Aprovada;;"Aquisição de material de higiene e limpeza";BENS;261101;02/04/2026;01/06/2026;60;"GA - Gerência Administrativa";"41/2025";"Baixo";14;01/06/2026;Material;7920;Vassouras, escovas, rodos, esponjas e esfregões;"10341";"Pano prato";;"";"";3.700,0000;1,00000;3.700,0000
"75/2026";Aprovada;;"Aquisição de material de higiene e limpeza";BENS;261101;02/04/2026;01/06/2026;60;"GA - Gerência Administrativa";"41/2025";"Baixo";15;01/06/2026;Material;8540;Artigos De Papel Para Higiene;"10383";"Papel Higiênico";;"";"";100.000,0000;1,00000;100.000,0000
"75/2026";Aprovada;;"Aquisição de material de higiene e limpeza";BENS;261101;02/04/2026;01/06/2026;60;"GA - Gerência Administrativa";"41/2025";"Baixo";16;01/06/2026;Material;7920;Vassouras, Escovas, Rodos, Esponjas E Esfregões;"11781";"Rodo";;"";"";4.000,0000;1,00000;4.000,0000
"75/2026";Aprovada;;"Aquisição de material de higiene e limpeza";BENS;261101;02/04/2026;01/06/2026;60;"GA - Gerência Administrativa";"41/2025";"Baixo";18;01/06/2026;Material;7920;Vassouras, Escovas, Rodos, Esponjas E Esfregões;"13327";"Vassoura";;"";"";2.000,0000;1,00000;2.000,0000
"75/2026";Aprovada;;"Aquisição de material de higiene e limpeza";BENS;261101;02/04/2026;01/06/2026;60;"GA - Gerência Administrativa";"41/2025";"Baixo";19;01/06/2026;Material;8540;Artigos de papel para higiene;"12792";"Toalha de papel";;"";"";10.000,0000;1,00000;10.000,0000
"69/2026";Aprovada;;"Aquisição de armadilhas entomológicas";BENS;261101;29/12/2025;27/02/2026;60;"MonitoraBio";"287/2025";"Alto";1;27/02/2026;Material;6640;Equipamentos e artigos de laboratório;"3002";"Armadilha animal";;"";"";51.000,0000;1,00000;51.000,0000
"70/2026";Aprovada;;"Monitoramento da biodiversidade marinha - Cooperação técnico-científica FF-Cebimar/ USP";BENS;261101;16/01/2026;17/03/2026;60;"Programa Oceanos";"274/2025";"Alto";2;15/03/2026;Material;6640;Equipamentos e artigos de laboratório;"";"";;"";"";354.249,2000;1,00000;354.249,2000
"70/2026";Aprovada;;"Monitoramento da biodiversidade marinha - Cooperação técnico-científica FF-Cebimar/ USP";BENS;261101;16/01/2026;17/03/2026;60;"Programa Oceanos";"274/2025";"Alto";3;15/03/2026;Material;6810;Produtos químicos;"";"";;"";"";2.500,0000;1,00000;2.500,0000
"70/2026";Aprovada;;"Monitoramento da biodiversidade marinha - Cooperação técnico-científica FF-Cebimar/ USP";BENS;261101;16/01/2026;17/03/2026;60;"Programa Oceanos";"274/2025";"Alto";5;15/03/2026;Material;6685;Instrumentos para medição e controle de pressão,temperatura e umidade;"";"";;"";"";90.000,0000;1,00000;90.000,0000
"70/2026";Aprovada;;"Monitoramento da biodiversidade marinha - Cooperação técnico-científica FF-Cebimar/ USP";BENS;261101;16/01/2026;17/03/2026;60;"Programa Oceanos";"274/2025";"Alto";8;15/03/2026;Material;6640;Equipamentos e artigos de laboratório;"";"";;"";"";10.000,0000;1,00000;10.000,0000
"70/2026";Aprovada;;"Monitoramento da biodiversidade marinha - Cooperação técnico-científica FF-Cebimar/ USP";BENS;261101;16/01/2026;17/03/2026;60;"Programa Oceanos";"274/2025";"Alto";9;15/03/2026;Material;6640;Equipamentos e artigos de laboratório;"";"";;"";"";173.034,0000;1,00000;173.034,0000
"70/2026";Aprovada;;"Monitoramento da biodiversidade marinha - Cooperação técnico-científica FF-Cebimar/ USP";BENS;261101;16/01/2026;17/03/2026;60;"Programa Oceanos";"274/2025";"Alto";10;15/03/2026;Material;6640;Equipamentos e artigos de laboratório;"";"";;"";"";80.557,6000;1,00000;80.557,6000
"70/2026";Aprovada;;"Monitoramento da biodiversidade marinha - Cooperação técnico-científica FF-Cebimar/ USP";BENS;261101;16/01/2026;17/03/2026;60;"Programa Oceanos";"274/2025";"Alto";12;15/03/2026;Material;6640;Equipamentos e artigos de laboratório;"";"";;"";"";5.000,0000;1,00000;5.000,0000
"70/2026";Aprovada;;"Monitoramento da biodiversidade marinha - Cooperação técnico-científica FF-Cebimar/ USP";BENS;261101;16/01/2026;17/03/2026;60;"Programa Oceanos";"274/2025";"Alto";13;15/03/2026;Material;6640;Equipamentos e artigos de laboratório;"";"";;"";"";43.596,0000;1,00000;43.596,0000
"77/2026";Aprovada;;"Aquisição de equipamentos de informática";BENS;261101;02/07/2026;31/08/2026;60;"GA - Gerência Administrativa";"336/2025";"Baixo";1;31/08/2026;Material;7010;Computadores;"19246";"Tablet";620677;"armazenamento externo: sem armazenamento externo, armazenamento interno: superior a 32, conectividade: wi-fi / 5g / bluetooth, câmera frontal: superior a 8, câmera traseira: 8,1 a 13, memória ram: mínimo 8, processador: octa core ou superior, sistema operacional: open source, tela: superior a 10";"UN";3.500,0000;100,00000;350.000,0000
"77/2026";Aprovada;;"Aquisição de equipamentos de informática";BENS;261101;02/07/2026;31/08/2026;60;"GA - Gerência Administrativa";"336/2025";"Baixo";2;31/08/2026;Material;7060;PEÇAS E ACESSÓRIOS PARA COMPUTADORES;"6669";"MONITOR COMPUTADOR";626432;"AJUSTE: COM REGULAGEM DE ALTURA, ALIMENTAÇÃO: BIVOLT, FORMATO TELA: WIDESCREEN, GARANTIA ON SITE: 12, INTERATIVIDADE DA TELA: SEM INTERATIVIDADE, QUALIDADE DE IMAGEM: FULL HD, TAMANHO TELA: 23 A 30, TIPO DE TELA: LED";"UN";2.200,0000;200,00000;440.000,0000
"77/2026";Aprovada;;"Aquisição de equipamentos de informática";BENS;261101;02/07/2026;31/08/2026;60;"GA - Gerência Administrativa";"336/2025";"Baixo";3;31/08/2026;Material;7010;COMPUTADORES;"8435";"NOTEBOOK";630688;"ALIMENTAÇÃO: BIVOLT AUTOMÁTICA, ARMAZENAMENTO HDD: SEM DISCO HDD, ARMAZENAMENTO SSD: MINIMO DE 1 TB, BATERIA: MINIMO DE 6 CELULAS, GARANTIA ON SITE: 12, INTERATIVIDADE DA TELA: SEM INTERATIVIDADE, MEMÓRIA RAM: MINIMO DE 64, NÚCLEOS POR PROCESSADOR: MINIMO DE 14, SISTEMA OPERACIONAL: PROPRIETÁRIO, TELA: SUPERIOR A 14";"UN";2.800,0000;50,00000;140.000,0000
"77/2026";Aprovada;;"Aquisição de equipamentos de informática";BENS;261101;02/07/2026;31/08/2026;60;"GA - Gerência Administrativa";"336/2025";"Baixo";4;31/08/2026;Material;7020;Impressoras;"226";"Impressora Multifuncional";630908;"capacidade mínima bandeja: 550, capacidade redução ampliação: 25 a 400, frequência: 60, resolução copiadora: 600 x 600, resolução impressão: 1200 x 1200, resolução scanner: 600 x 600, tensão alimentação: 127, tipo impressão: laser, velocidade copiadora colorida: 8, velocidade copiadora preto e branco: 42, velocidade impressão colorida: 2, velocidade impressão preto e branco: 45";"UN";900,0000;50,00000;45.000,0000
"77/2026";Aprovada;;"Aquisição de equipamentos de informática";BENS;261101;02/07/2026;31/08/2026;60;"GA - Gerência Administrativa";"338/2025";"Baixo";1;30/10/2026;Material;7080;PEÇAS, ACESSÓRIOS E FERRAMENTAS PARA REDES DE TIC;"";"";;"";"";400.000,0000;1,00000;400.000,0000
"77/2026";Aprovada;;"Aquisição de equipamentos de informática";BENS;261101;02/07/2026;31/08/2026;60;"GA - Gerência Administrativa";"336/2025";"Baixo";5;31/08/2026;Material;7060;Peças E Acessórios Para Computadores;"243";"Unidade Central Processamento";;"";"";785.000,0000;1,00000;785.000,0000
"78/2026";Aprovada;;"Aquisição de equipamentos de informática FF-Cebimar/USP. Programa Oceanos";BENS;261101;15/01/2026;16/03/2026;60;"Programa Oceanos";"274/2025";"Alto";1;15/03/2026;Material;7010;Computadores;"";"";;"";"";163.000,0000;1,00000;163.000,0000
"78/2026";Aprovada;;"Aquisição de equipamentos de informática FF-Cebimar/USP. Programa Oceanos";BENS;261101;15/01/2026;16/03/2026;60;"Programa Oceanos";"274/2025";"Alto";7;15/03/2026;Material;9999;Itens diversos;"";"";;"";"";10.000,0000;1,00000;10.000,0000
"71/2026";Aprovada;;"Aquisição de materiais para Fomento em Turismo de Base Comunitária";BENS;261101;01/10/2026;30/11/2026;60;"Fundação Florestal";"317/2025";"Médio";1;30/11/2026;Material;6650;INSTRUMENTOS ÓTICOS, EQUIPAMENTOS DE TESTE, COMPONENTES  E ACESSÓRIOS;"";"";;"";"";10.800,0000;1,00000;10.800,0000
"71/2026";Aprovada;;"Aquisição de materiais para Fomento em Turismo de Base Comunitária";BENS;261101;01/10/2026;30/11/2026;60;"Fundação Florestal";"317/2025";"Médio";4;30/11/2026;Material;7310;Equipamentos para cozinhar, assar e servir alimentos;"1070";"Fogão industrial";;"";"";7.500,0000;1,00000;7.500,0000
"71/2026";Aprovada;;"Aquisição de materiais para Fomento em Turismo de Base Comunitária";BENS;261101;01/10/2026;30/11/2026;60;"Fundação Florestal";"317/2025";"Médio";7;30/11/2026;Material;7320;Equipamentos E Aparelhos De Cozinha;"";"";;"";"";3.300,0000;1,00000;3.300,0000
"71/2026";Aprovada;;"Aquisição de materiais para Fomento em Turismo de Base Comunitária";BENS;261101;01/10/2026;30/11/2026;60;"Fundação Florestal";"317/2025";"Médio";8;30/11/2026;Material;7330;Utensílios e ferramentas manuais de cozinha;"10336";"Panela de metal";;"";"";3.000,0000;1,00000;3.000,0000
"71/2026";Aprovada;;"Aquisição de materiais para Fomento em Turismo de Base Comunitária";BENS;261101;01/10/2026;30/11/2026;60;"Fundação Florestal";"317/2025";"Médio";10;30/11/2026;Material;7830;Equipamento para ginástica e recreação;"";"";;"";"";16.200,0000;1,00000;16.200,0000
"79/2026";Aprovada;;"Aquisição de artigos de cozinha";BENS;261101;29/12/2025;27/02/2026;60;"Fundação Florestal";"333/2025";"Baixo";11;27/02/2026;Material;7350;Louça E Artigos De Mesa;"";"";;"";"";270.000,0000;1,00000;270.000,0000
"85/2026";Aprovada;;"Confecção e aquisição de vestuários uniformes FF";SERVICOS;261101;30/03/2026;29/05/2026;60;"GA - Gerência Administrativa";"298/2025";"Alto";3;29/05/2026;Material;8415;VESTUÁRIO PARA FINS ESPECIAIS;"419";"LUVA DE PROTEÇÃO";;"";"";16.000,0000;1,00000;16.000,0000
"85/2026";Aprovada;;"Confecção e aquisição de vestuários uniformes FF";SERVICOS;261101;30/03/2026;29/05/2026;60;"GA - Gerência Administrativa";"298/2025";"Alto";12;29/05/2026;Material;8415;Vestuário para fins especiais;"1465";"Calça proteção individual";;"";"";5.000,0000;1,00000;5.000,0000
"85/2026";Aprovada;;"Confecção e aquisição de vestuários uniformes FF";SERVICOS;261101;30/03/2026;29/05/2026;60;"GA - Gerência Administrativa";"298/2025";"Alto";14;29/05/2026;Material;8415;Vestuário para fins especiais;"1364";"Macacão";;"";"";30.000,0000;1,00000;30.000,0000
"85/2026";Aprovada;;"Confecção e aquisição de vestuários uniformes FF";SERVICOS;261101;30/03/2026;29/05/2026;60;"GA - Gerência Administrativa";"298/2025";"Alto";16;29/05/2026;Material;8430;Calçados masculinos;"";"";;"";"";8.000,0000;1,00000;8.000,0000
"85/2026";Aprovada;;"Confecção e aquisição de vestuários uniformes FF";SERVICOS;261101;30/03/2026;29/05/2026;60;"SP sem FOGO";"299/2025";"Alto";1;30/03/2026;Material;8415;Vestuário Para Fins Especiais;"4380";"Camiseta";630242;"cor: preta, material: malha 100% algodão, fio 30, tamanho: sob medida, tipo: unissex, tipo gola: careca, tipo manga: curta";"UN";37,7700;1.912,00000;72.216,2400
"85/2026";Aprovada;;"Confecção e aquisição de vestuários uniformes FF";SERVICOS;261101;30/03/2026;29/05/2026;60;"SP sem FOGO";"299/2025";"Alto";2;30/03/2026;Material;8415;Vestuário para fins especiais;"14605";"Vestuário Proteção";622904;"características adicionais: conforme modelo do órgão, componentes: blusão e calça, material: para-aramida e fibra, tamanho: sob medida, tipo: conjunto de proteção contra incendio, tipo uso: combate a incêndio";"UN";2.273,2800;478,00000;1.086.627,8400
"85/2026";Aprovada;;"Confecção e aquisição de vestuários uniformes FF";SERVICOS;261101;30/03/2026;29/05/2026;60;"SP sem FOGO";"299/2025";"Alto";3;30/03/2026;Material;8415;Vestuário para fins especiais;"14488";"Coturno Combate Incêndio";232928;"acabamento superficial couro: curtido ao cromo, espessura biqueira: 1, espessura solado: 15 a 17, material: couro, material biqueira: termoplástico/poliéster e resina vinícula, material palmilha: poliéster com alma de aço, material sola: borracha, resistência temperatura: 300, formato: anatômico";"PAR";1.008,7700;478,00000;482.192,0600
"85/2026";Aprovada;;"Confecção e aquisição de vestuários uniformes FF";SERVICOS;261101;30/03/2026;29/05/2026;60;"SP sem FOGO";"299/2025";"Alto";7;30/03/2026;Material;8415;Vestuário para fins especiais;"12848";"Touca";486439;"aplicação: epi, características adicionais: anti-chama com abertura facial, material: malha tecida com fibra meta-aramida, tipo: balaclava";"UN";177,8400;956,00000;170.015,0400
"85/2026";Aprovada;;"Confecção e aquisição de vestuários uniformes FF";SERVICOS;261101;30/03/2026;29/05/2026;60;"SP sem FOGO";"299/2025";"Alto";8;30/03/2026;Material;8415;Vestuário para fins especiais;"13722";"Luva Segurança";628280;"aplicação: p/proteção térmica (altas temperaturas), características adicionais: forro isolante c/dupla camada de algodão, comprimento: 35,5, cor: azul/amarela, espessura: 0,70, forma: anatômica, material: neoprene, modelo: palma antiderrapante, tamanho: 8";"PAR";52,9100;478,00000;25.290,9800
"85/2026";Aprovada;;"Confecção e aquisição de vestuários uniformes FF";SERVICOS;261101;30/03/2026;29/05/2026;60;"SP sem FOGO";"299/2025";"Alto";12;30/03/2026;Material;8415;Vestuário para fins especiais;"1377";"Óculos Proteção";485731;"aplicação: contra impactos de particulas e ráios ultravioleta, características adicionais: ajuste por tirante elástico apresilhadas nas later, cor lente: incolor, material armação: plástico rígido, material proteção: policarbonato, tipo lente: policarbonato translúcido, tipo proteção: ampla visão";"UN";50,8100;478,00000;24.287,1800
"85/2026";Aprovada;;"Confecção e aquisição de vestuários uniformes FF";SERVICOS;261101;30/03/2026;29/05/2026;60;"Programa Oceanos";"272/2025";"Alto";2;15/03/2026;Material;8415;Vestuário para fins especiais;"";"";;"";"";105.642,3000;1,00000;105.642,3000
"85/2026";Aprovada;;"Confecção e aquisição de vestuários uniformes FF";SERVICOS;261101;30/03/2026;29/05/2026;60;"Pró - Araucaria";"321/2025";"Médio";1;31/03/2026;Material;8415;Vestuário para fins especiais;"";"";;"";"";6.000,0000;1,00000;6.000,0000
"85/2026";Aprovada;;"Confecção e aquisição de vestuários uniformes FF";SERVICOS;261101;30/03/2026;29/05/2026;60;"GA - Gerência Administrativa";"335/2025";"Baixo";1;30/07/2026;Serviço;881;SERVIÇOS DE MANUFATURA EM INSUMOS FÍSICOS QUE SAO PROPRIEDADE DE OUTROS(EXCETO MAQUINARIA E EQUIPAMENTO);"";"";10030;"CONFECÇÃO - BORDADO - AVIAMENTO DE ROUPA / FARDAMENTO / CAMISETA";"";100,0000;11.000,00000;1.100.000,0000
"86/2026";Aprovada;Divulgada;"Aquisição de sementes de palmeira-juçara - Credenciamento	";BENS;261101;04/12/2025;02/02/2026;60;"Pró - Juçara";"165/2025";"Alto";1;02/02/2026;Material;8730;Sementes e mudas de plantas;"14753";"Semente";;"";"";669.350,0000;1,00000;669.350,0000
"87/2026";Aprovada;;"Aquisição de gêneros alimentícios	";BENS;261101;30/03/2026;29/05/2026;60;"GA - Gerência Administrativa";"133/2025";"Baixo";1;29/05/2026;Material;8920;PRODUTOS DE PANIFICAÇÃO E CEREAIS;"883";"BISCOITO";;"";"";50.000,0000;1,00000;50.000,0000
"87/2026";Aprovada;;"Aquisição de gêneros alimentícios	";BENS;261101;30/03/2026;29/05/2026;60;"GA - Gerência Administrativa";"133/2025";"Baixo";2;29/05/2026;Material;8960;Bebidas Não Alcoólicas;"948";"Suco";;"";"";60.000,0000;1,00000;60.000,0000
"87/2026";Aprovada;;"Aquisição de gêneros alimentícios	";BENS;261101;30/03/2026;29/05/2026;60;"GA - Gerência Administrativa";"133/2025";"Baixo";3;29/05/2026;Material;8920;Produtos De Panificação E Cereais;"3679";"Bolo Alimentício";;"";"";50.000,0000;1,00000;50.000,0000
"87/2026";Aprovada;;"Aquisição de gêneros alimentícios	";BENS;261101;30/03/2026;29/05/2026;60;"GA - Gerência Administrativa";"133/2025";"Baixo";4;29/05/2026;Material;8920;Produtos De Panificação E Cereais;"19721";"Pão";;"";"";45.000,0000;1,00000;45.000,0000
"87/2026";Aprovada;;"Aquisição de gêneros alimentícios	";BENS;261101;30/03/2026;29/05/2026;60;"GA - Gerência Administrativa";"133/2025";"Baixo";5;29/05/2026;Material;8925;Açúcar, Confeitos, Castanhas, Nozes E Similares;"19777";"Açúcar";;"";"";8.000,0000;1,00000;8.000,0000
"87/2026";Aprovada;;"Aquisição de gêneros alimentícios	";BENS;261101;30/03/2026;29/05/2026;60;"GA - Gerência Administrativa";"133/2025";"Baixo";6;29/05/2026;Material;8955;Café, chá e chocolate;"19766";"Café";;"";"";120.000,0000;1,00000;120.000,0000
"87/2026";Aprovada;;"Aquisição de gêneros alimentícios	";BENS;261101;30/03/2026;29/05/2026;60;"GA - Gerência Administrativa";"133/2025";"Baixo";7;29/05/2026;Material;8920;Produtos de panificação e cereais;"19775";"Barra nutricional";;"";"";120.000,0000;1,00000;120.000,0000
"87/2026";Aprovada;;"Aquisição de gêneros alimentícios	";BENS;261101;30/03/2026;29/05/2026;60;"GA - Gerência Administrativa";"133/2025";"Baixo";8;29/05/2026;Material;8960;Bebidas não alcoólicas;"19555";"Água mineral natural";;"";"";150.000,0000;1,00000;150.000,0000
"87/2026";Aprovada;;"Aquisição de gêneros alimentícios	";BENS;261101;30/03/2026;29/05/2026;60;"Programa Oceanos";"273/2025";"Alto";2;15/03/2026;Material;8905;Carnes, aves e peixes;"";"";;"";"";18.000,0000;1,00000;18.000,0000
"88/2026";Aprovada;;"Serviços de placas indicativa, informativa e de identificação	";SERVICOS;261101;01/05/2026;30/06/2026;60;"Fundação Florestal";"333/2025";"Baixo";7;27/02/2026;Material;9905;Cartazes, mostruários e placas de identificação;"";"";;"";"";62.000,0000;1,00000;62.000,0000
"88/2026";Aprovada;;"Serviços de placas indicativa, informativa e de identificação	";SERVICOS;261101;01/05/2026;30/06/2026;60;"GA - Gerência Administrativa";"341/2025";"Baixo";1;30/06/2026;Material;9999;Itens diversos;"10839";"Placa";;"";"";400.000,0000;1,00000;400.000,0000
"80/2026";Aprovada;;"Aquisição de material de escritório";BENS;261101;11/06/2026;10/08/2026;60;"GA - Gerência Administrativa";"126/2025";"Baixo";1;10/08/2026;Material;7510;ARTIGOS PARA ESCRITÓRIO;"";"";;"";"";500.000,0000;1,00000;500.000,0000
"80/2026";Aprovada;;"Aquisição de material de escritório";BENS;261101;11/06/2026;10/08/2026;60;"Fundação Florestal";"333/2025";"Baixo";6;27/02/2026;Material;7510;Artigos para escritório;"";"";;"";"";5.005,0000;1,00000;5.005,0000
"89/2026";Aprovada;;"Monitoramento da biodiversidade marinha - Cooperação técnico-científica FF-UNIFESP";BENS;261101;15/01/2026;16/03/2026;60;"Programa Oceanos";"273/2025";"Alto";3;15/03/2026;Material;9999;Itens diversos;"";"";;"";"";27.000,0000;1,00000;27.000,0000
"72/2026";Aprovada;;"Aquisição de câmaras fotográficas ";BENS;261101;30/01/2026;31/03/2026;60;"Fundação Florestal";"322/2025";"Médio";9;31/03/2026;Material;6720;CÂMARAS FOTOGRÁFICAS;"";"";;"";"";16.718,0000;1,00000;16.718,0000
"72/2026";Aprovada;;"Aquisição de câmaras fotográficas ";BENS;261101;30/01/2026;31/03/2026;60;"Fundação Florestal";"322/2025";"Médio";12;31/03/2026;Material;6760;Equipamento Fotográfico E Acessórios;"";"";;"";"";1.655,0000;1,00000;1.655,0000
"72/2026";Aprovada;;"Aquisição de câmaras fotográficas ";BENS;261101;30/01/2026;31/03/2026;60;"Fundação Florestal";"288/2025";"Médio";1;28/02/2026;Material;6720;CÂMARAS FOTOGRÁFICAS;"14570";"CÂMERA FOTOGRÁFICA DIGITAL";;"";"";140.000,0000;1,00000;140.000,0000
"72/2026";Aprovada;;"Aquisição de câmaras fotográficas ";BENS;261101;30/01/2026;31/03/2026;60;"Fundação Florestal";"288/2025";"Médio";2;28/02/2026;Material;6760;EQUIPAMENTO FOTOGRÁFICO E ACESSÓRIOS;"8788";"LENTE PARA CÂMERA FOTOGRÁFICA";;"";"";45.000,0000;1,00000;45.000,0000
"72/2026";Aprovada;;"Aquisição de câmaras fotográficas ";BENS;261101;30/01/2026;31/03/2026;60;"Fundação Florestal";"288/2025";"Médio";3;28/02/2026;Material;6760;EQUIPAMENTO FOTOGRÁFICO E ACESSÓRIOS;"";"";;"";"";8.000,0000;1,00000;8.000,0000
"72/2026";Aprovada;;"Aquisição de câmaras fotográficas ";BENS;261101;30/01/2026;31/03/2026;60;"Fundação Florestal";"288/2025";"Médio";4;28/02/2026;Material;6720;CÂMARAS FOTOGRÁFICAS;"14570";"CÂMERA FOTOGRÁFICA DIGITAL";;"";"";12.000,0000;1,00000;12.000,0000
"90/2026";Aprovada;Encerrada;"Prestação de serviços de Venda Online";SERVICOS;261101;21/11/2025;21/01/2026;61;"SUP - Setor de Uso Público";"128/2025";"Médio";1;21/01/2026;Serviço;111;Serviços  de desenvolvimento e manutenção de software;"";"";;"";"";690.000,0000;1,00000;690.000,0000
"91/2026";Aprovada;;"Contratação de serviços de telefonia móvel.	";SERVICOS;261101;02/04/2026;01/06/2026;60;"GA - Gerência Administrativa";"149/2025";"Médio";1;01/06/2026;Serviço;141;SERVIÇOS DE TELEFONIA  FIXA COMUTADA  (STFC),  TELECOMUNICA-ÇÕES MÓVEIS (SMP) E TELECOMUNICAÇÕES SATELITAIS;"";"";26298;"CHAMADAS LOCAIS MÓVEL-FIXO SMP-LOCAL-MF (VC1)";"";17,9723;10.000,00000;179.723,0000
"92/2026";Aprovada;;"Locação de impressora.";SERVICOS;261101;02/04/2026;01/06/2026;60;"GA - Gerência Administrativa";"283/2025";"Médio";1;01/06/2026;Serviço;152;OUTSOURCING DE IMPRESSÃO - MODALIDADE LOCAÇÃO DE EQUIPAMENTOMAIS PÁGINAS IMPRESSAS;"";"";;"";"";22.000,0000;1,00000;22.000,0000
"93/2026";Aprovada;;"Contratação de serviços de TIC Programa Oceanos";SERVICOS;261101;14/01/2026;24/03/2026;69;"Programa Oceanos";"273/2025";"Alto";3;15/03/2026;Serviço;163;Serviços de hospedagem em tecnologia da informação e  comunicacão (tic);"";"";;"";"";18.000,0000;1,00000;18.000,0000
"93/2026";Aprovada;;"Contratação de serviços de TIC Programa Oceanos";SERVICOS;261101;14/01/2026;24/03/2026;69;"Programa Oceanos";"272/2025";"Alto";2;15/03/2026;Serviço;163;Serviços de hospedagem em tecnologia da informação e  comunicacão (tic);"";"";;"";"";3.680,0000;1,00000;3.680,0000
"94/2026";Aprovada;;"Serviços de Licença Diversas";SERVICOS;261101;02/04/2026;01/06/2026;60;"GA - Gerência Administrativa";"140/2025";"Baixo";1;01/06/2026;Serviço;182;SERVIÇOS DE  LICENCIAMENTO E  CONTRATOS DE TRANSFERÊNCIA DE TECNOLOGIA;"";"";;"";"";500.000,0000;1,00000;500.000,0000
"82/2026";Aprovada;Preparação;"Aquisição de serviços gráficos e papelaria";BENS;261101;29/12/2025;27/02/2026;60;"Fundação Florestal";"333/2025";"Baixo";1;27/02/2026;Material;8040;Adesivos;"";"";;"";"";300,0000;1,00000;300,0000
"82/2026";Aprovada;Preparação;"Aquisição de serviços gráficos e papelaria";BENS;261101;29/12/2025;27/02/2026;60;"Fundação Florestal";"333/2025";"Baixo";2;27/02/2026;Material;8105;Sacos e bolsas;"";"";;"";"";5.000,0000;1,00000;5.000,0000
"82/2026";Aprovada;Preparação;"Aquisição de serviços gráficos e papelaria";BENS;261101;29/12/2025;27/02/2026;60;"Fundação Florestal";"333/2025";"Baixo";3;27/02/2026;Material;7690;IMPRESSOS DIVERSOS;"";"";;"";"";43.950,0000;1,00000;43.950,0000
"82/2026";Aprovada;Preparação;"Aquisição de serviços gráficos e papelaria";BENS;261101;29/12/2025;27/02/2026;60;"Fundação Florestal";"333/2025";"Baixo";4;27/02/2026;Material;7690;IMPRESSOS DIVERSOS;"";"";;"";"";21.295,0200;1,00000;21.295,0200
"82/2026";Aprovada;Preparação;"Aquisição de serviços gráficos e papelaria";BENS;261101;29/12/2025;27/02/2026;60;"Fundação Florestal";"333/2025";"Baixo";5;27/02/2026;Material;7540;Formulários padronizados;"";"";;"";"";14.930,0000;1,00000;14.930,0000
"82/2026";Aprovada;Preparação;"Aquisição de serviços gráficos e papelaria";BENS;261101;29/12/2025;27/02/2026;60;"Fundação Florestal";"333/2025";"Baixo";8;27/02/2026;Material;7690;Impressos diversos;"";"";;"";"";18.020,0000;1,00000;18.020,0000
"82/2026";Aprovada;Preparação;"Aquisição de serviços gráficos e papelaria";BENS;261101;29/12/2025;27/02/2026;60;"Fundação Florestal";"333/2025";"Baixo";9;27/02/2026;Material;7610;Livros e folhetos;"";"";;"";"";250.000,0000;1,00000;250.000,0000
"82/2026";Aprovada;Preparação;"Aquisição de serviços gráficos e papelaria";BENS;261101;29/12/2025;27/02/2026;60;"Fundação Florestal";"333/2025";"Baixo";10;27/02/2026;Material;7610;Livros e folhetos;"";"";;"";"";7.000,0000;1,00000;7.000,0000
"95/2026";Aprovada;;"Licença de uso ObrasGov";CONTRATACOES_TIC;261101;08/01/2026;19/02/2026;42;"NENG - Núcle Engenharia";"259/2025";"Médio";1;10/01/2026;Serviço;182;SERVIÇOS DE  LICENCIAMENTO E  CONTRATOS DE TRANSFERÊNCIA DE TECNOLOGIA;"";"";27502;"CESSÃO TEMPORÁRIA DE DIREITOS SOBRE PROGRAMAS DE COMPUTADOR LOCAÇÃO DE SOFTWARE";"";855.416,1000;1,00000;855.416,1000
"97/2026";Aprovada;;"Obras e Reformas para Fomento em Turismo de Base Comunitária";OBRAS_SERV_ESP_ENGENHARIA;261101;13/10/2026;14/12/2026;62;"Fundação Florestal";"332/2025";"Médio";1;10/12/2026;Serviço;541;Serviços Gerais De Construção Dos Edifícios;"";"";;"";"";480.000,0000;1,00000;480.000,0000
"98/2026";Aprovada;;"Execução de obras do alojamento e edificações de apoio no EEc Jataí.	";OBRAS_SERV_ESP_ENGENHARIA;261101;30/10/2026;30/12/2026;61;"NENG - Núcle Engenharia";"347/2025";"Médio";1;30/12/2026;Serviço;541;Serviços gerais de construção dos edifícios;"";"";;"";"";7.000.000,0000;1,00000;7.000.000,0000
"100/2026";Aprovada;Encerrada;"Contratação de ERP FF";CONTRATACOES_TIC;261101;21/11/2025;26/06/2026;217;"Fundação Florestal";"297/2025";"Alto";1;20/01/2026;Serviço;111;SERVIÇOS  DE DESENVOLVIMENTO E MANUTENÇÃO DE SOFTWARE;"";"";;"";"";30.000.000,0000;1,00000;30.000.000,0000
"101/2026";Aprovada;;"Adequação e modernização da rede elétrica do Parque Estadual Alberto Löfgren";OBRAS_SERV_ESP_ENGENHARIA;261101;02/11/2026;28/12/2026;56;"NENG - Núcle Engenharia";"357/2025";"Médio";1;31/12/2026;Serviço;542;Serviços gerais de construção para obras de engenharia civil;"";"";1937;"Obras civis de linhas de distribuição de energia elétrica";"";2.000.000,0000;1,00000;2.000.000,0000
"102/2026";Aprovada;;"Adequação da infraestrutura elétrica e da rede de distribuição de água da FEENA";OBRAS_SERV_ESP_ENGENHARIA;261101;21/10/2026;21/12/2026;61;"NENG - Núcle Engenharia";"356/2025";"Médio";1;20/12/2026;Serviço;542;Serviços gerais de construção para obras de engenharia civil;"";"";1937;"Obras civis de linhas de distribuição de energia elétrica";"";2.000.000,0000;1,00000;2.000.000,0000
"103/2026";Aprovada;Preparação;"Manutenção do sistema de energia fotovoltaica e do SPDA do Parque Estadual Ilha do Cardoso";OBRAS_SERV_ESP_ENGENHARIA;261101;31/08/2026;30/10/2026;60;"NENG - Núcle Engenharia";"354/2025";"Alto";1;30/10/2026;Serviço;542;Serviços gerais de construção para obras de engenharia civil;"";"";4774;"Obras civis de usina termoleletricas / termonucleares /solarfotovotaicas";"";400.000,0000;1,00000;400.000,0000
"104/2026";Aprovada;;"Ata de Registro de Preços para execução de demolições de edificações";SERVICOS;261101;01/06/2026;31/07/2026;60;"NENG - Núcle Engenharia";"359/2025";"Médio";1;31/07/2026;Serviço;543;Serviço de preparação do local da construção;"";"";1635;"Obras civis - demolições";"";3.000.000,0000;1,00000;3.000.000,0000
"105/2026";Aprovada;;"Reconstrução da passarela e ponte em madeira FEENA";OBRAS_SERV_ESP_ENGENHARIA;261101;01/10/2026;30/11/2026;60;"NENG - Núcle Engenharia";"358/2025";"Médio";1;30/11/2026;Serviço;545;Tipos especiais de serviços de construção;"";"";1520;"Obras civis de estruturas pré-moldadas";"";500.000,0000;1,00000;500.000,0000
"106/2026";Aprovada;;"Execução de obras de reforma da serraria e edificações Manduri";OBRAS_SERV_ESP_ENGENHARIA;261101;30/10/2026;30/12/2026;61;"NENG - Núcle Engenharia";"352/2025";"Alto";1;30/12/2026;Serviço;545;TIPOS ESPECIAIS DE SERVIÇOS DE CONSTRUÇÃO;"";"";1627;"MANUTENÇÃO / REFORMA PREDIAL";"";3.000.000,0000;1,00000;3.000.000,0000
"83/2026";Aprovada;;"Aquisição de material de pintura.	";BENS;261101;04/05/2026;02/07/2026;59;"GA - Gerência Administrativa";"129/2025";"Baixo";1;01/07/2026;Material;8010;TINTAS, VERNIZES E PRODUTOS CORRELATOS;"1501";"TINTA ACRÍLICA";456384;"ASPECTO FÍSICO: LÍQUIDO VISCOSO, COMPONENTES: RESINA ACRÍLICA COM ÁGUA, COR: BRANCO GELO, TIPO ACABAMENTO: FOSCO";"BD";160,0000;344,00000;55.040,0000
"83/2026";Aprovada;;"Aquisição de material de pintura.	";BENS;261101;04/05/2026;02/07/2026;59;"GA - Gerência Administrativa";"129/2025";"Baixo";2;01/07/2026;Material;8010;TINTAS, VERNIZES E PRODUTOS CORRELATOS;"1501";"TINTA ACRÍLICA";456384;"ASPECTO FÍSICO: LÍQUIDO VISCOSO, COMPONENTES: RESINA ACRÍLICA COM ÁGUA, COR: BRANCO GELO, TIPO ACABAMENTO: FOSCO";"BD";36,0000;581,00000;20.916,0000
"83/2026";Aprovada;;"Aquisição de material de pintura.	";BENS;261101;04/05/2026;02/07/2026;59;"GA - Gerência Administrativa";"129/2025";"Baixo";3;01/07/2026;Material;8010;TINTAS, VERNIZES E PRODUTOS CORRELATOS;"12746";"TINTA ESMALTE";441908;"APLICAÇÃO: SUPERFÍCIES MADEIRA E METAL/INTERIORES/EXTERIORES., ASPECTO FÍSICO: LÍQUIDO E VISCOSO, CARACTERÍSTICAS ADICIONAIS: DILUIÇÃO COM ÁGUA, COR: PRETA, TIPO ACABAMENTO: BRILHANTE";"GL";65,0000;377,00000;24.505,0000
"83/2026";Aprovada;;"Aquisição de material de pintura.	";BENS;261101;04/05/2026;02/07/2026;59;"GA - Gerência Administrativa";"129/2025";"Baixo";4;01/07/2026;Material;8010;Tintas, vernizes e produtos correlatos;"8295";"Impermeabilizante";282965;"aplicação: construção civil, características adicionais: pastoso, composição básica: emulsão asfáltica, consumo: 500 g/m², por demão, cor: preta, função: impermeabilização de lajes, alicerces, paredes";"GL";90,0000;261,00000;23.490,0000
"83/2026";Aprovada;;"Aquisição de material de pintura.	";BENS;261101;04/05/2026;02/07/2026;59;"GA - Gerência Administrativa";"129/2025";"Baixo";5;01/07/2026;Material;8010;TINTAS, VERNIZES E PRODUTOS CORRELATOS;"13399";"VERNIZ";601189;"ACABAMENTO: FOSCO, APLICAÇÃO: MADEIRA, CARACTERÍSTICAS ADICIONAIS: DE ACORDO COM A NORMA NBR 14725, GALÃO DE 3,6 L., COR: INCOLOR, TIPO: MARÍTIMO";"GL";80,0000;505,00000;40.400,0000
"83/2026";Aprovada;;"Aquisição de material de pintura.	";BENS;261101;04/05/2026;02/07/2026;59;"GA - Gerência Administrativa";"129/2025";"Baixo";6;01/07/2026;Material;8010;Tintas, Vernizes E Produtos Correlatos;"1469";"Aguarrás";429924;"aplicação: solvente de tinta, características adicionais: origem mineral, sem benzeno, álcool ou querozene, composição: 100% destilado de petróleo";"LT";14,7300;20,00000;294,6000
"83/2026";Aprovada;;"Aquisição de material de pintura.	";BENS;261101;04/05/2026;02/07/2026;59;"GA - Gerência Administrativa";"129/2025";"Baixo";7;01/07/2026;Material;8010;TINTAS, VERNIZES E PRODUTOS CORRELATOS;"585";"LIXA";630745;"APLICAÇÃO: CORREÇÃO DE SUPERFÍCIES, APRESENTAÇÃO: FOLHA, CARACTERÍSTICAS ADICIONAIS: LIXA ASSOALHO S-422, COMPRIMENTO: 750, COR: MARROM, LARGURA: 305, MATERIAL: CARBURETO SILÍCIO, NORMA TÉCNICA: NBR 14725, TIPO: LIXA TACO/ASSOALHO, TIPO COSTADO: COMBINADO DE PAPEL E PANO, TIPO GRÃO: P120";"UN";2,0000;130,00000;260,0000
"83/2026";Aprovada;;"Aquisição de material de pintura.	";BENS;261101;04/05/2026;02/07/2026;59;"GA - Gerência Administrativa";"129/2025";"Baixo";8;01/07/2026;Material;8020;Pincel para artistas e pintores;"4034";"Cabo Rolo De Pintura";610996;"material: alumínio, tamanho: 3, tipo: telescópico";"UN";32,1900;73,00000;2.349,8700
"83/2026";Aprovada;;"Aquisição de material de pintura.	";BENS;261101;04/05/2026;02/07/2026;59;"GA - Gerência Administrativa";"129/2025";"Baixo";9;01/07/2026;Material;8020;Pincel para artistas e pintores;"3306";"Bandeja Pintura";600825;"comprimento: 38, formato: retangular, largura: 30, material: plástico";"UN";17,0300;137,00000;2.333,1100
"83/2026";Aprovada;;"Aquisição de material de pintura.	";BENS;261101;04/05/2026;02/07/2026;59;"GA - Gerência Administrativa";"129/2025";"Baixo";10;01/07/2026;Material;8020;Pincel para artistas e pintores;"6084";"Desempenadeira Manual";612543;"aplicação: serviços de obras, características adicionais: corrugada, comprimento: 29, largura: 12, material: termoplástico";"UN";9,9800;121,00000;1.207,5800
"83/2026";Aprovada;;"Aquisição de material de pintura.	";BENS;261101;04/05/2026;02/07/2026;59;"GA - Gerência Administrativa";"129/2025";"Baixo";11;01/07/2026;Material;8020;Pincel para artistas e pintores;"1569";"Espátula";632222;"características adicionais: cabo ergonômico e resistente, comprimento total: 30, material cabo: polipropileno, material lâmina: aço inoxidável";"UN";7,9900;148,00000;1.182,5200
"83/2026";Aprovada;;"Aquisição de material de pintura.	";BENS;261101;04/05/2026;02/07/2026;59;"GA - Gerência Administrativa";"129/2025";"Baixo";12;01/07/2026;Material;8020;Pincel para artistas e pintores;"14236";"Lona Plástica";486533;"comprimento: 100, cor: preta, espessura: 150 micra, largura: 4, material: plástico sintético";"UN";162,9000;135,00000;21.991,5000
"83/2026";Aprovada;;"Aquisição de material de pintura.	";BENS;261101;04/05/2026;02/07/2026;59;"GA - Gerência Administrativa";"129/2025";"Baixo";13;01/07/2026;Material;8020;Pincel para artistas e pintores;"14780";"Desengripante";456240;"aplicação: uso geral, apresentação: spray, composição: destilado alifático, oleos de petróleo/mineral";"FR";8,7300;158,00000;1.379,3400
"83/2026";Aprovada;;"Aquisição de material de pintura.	";BENS;261101;04/05/2026;02/07/2026;59;"GA - Gerência Administrativa";"129/2025";"Baixo";14;01/07/2026;Material;8020;Pincel para artistas e pintores;"10733";"Pincel";464846;"material cabo: plástico, tamanho: 50, tipo cerdas: pelo sintético";"UN";4,5000;80,00000;360,0000
"83/2026";Aprovada;;"Aquisição de material de pintura.	";BENS;261101;04/05/2026;02/07/2026;59;"GA - Gerência Administrativa";"129/2025";"Baixo";15;01/07/2026;Material;8020;Pincel para artistas e pintores;"17364";"Pistola Pintura";301839;"aplicação: pinturas em geral, capacidade: 1, diâmetro bico: 1,60, tipo: sucção";"UN";20,0000;97,00000;1.940,0000
"83/2026";Aprovada;;"Aquisição de material de pintura.	";BENS;261101;04/05/2026;02/07/2026;59;"GA - Gerência Administrativa";"129/2025";"Baixo";16;01/07/2026;Material;8020;PINCEL PARA ARTISTAS E PINTORES;"1572";"ROLO PINTURA PREDIAL";485929;"CARACTERÍSTICAS ADICIONAIS: COM GARFO, ANTIGOTAS, COMPRIMENTO: 46, MATERIAL: LÃ SINTÉTICA";"UN";13,0000;892,00000;11.596,0000
"83/2026";Aprovada;;"Aquisição de material de pintura.	";BENS;261101;04/05/2026;02/07/2026;59;"GA - Gerência Administrativa";"129/2025";"Baixo";17;01/07/2026;Material;8020;Pincel para artistas e pintores;"1573";"Trincha";467559;"material cabo: plástico, material cerdas: sintética, tamanho: 2";"UN";12,0000;518,00000;6.216,0000
"107/2026";Aprovada;;"Reforma dos alojamentos do Parque Estadual Caverna do Diabo";SERVICOS;261101;30/10/2026;31/12/2026;62;"NENG - Núcle Engenharia";"350/2025";"Médio";1;31/12/2026;Serviço;545;Tipos especiais de serviços de construção;"";"";1627;"Manutenção / reforma predial";"";2.000.000,0000;1,00000;2.000.000,0000
"108/2026";Aprovada;;"Credenciamento de pessoa jurídica (MEI) Refeições";SERVICOS;261101;01/06/2026;31/07/2026;60;"Fundação Florestal";"314/2025";"Médio";1;31/07/2026;Serviço;632;Serviços de fornecimento de comida;"";"";;"";"";1.074.620,0000;1,00000;1.074.620,0000
"110/2026";Aprovada;Preparação;"Serviços de embarcações - acionamento das ARPs 93003.1/2025 e 93003.2/2025	";SERVICOS;261101;06/01/2026;16/01/2026;10;"Fundação Florestal";"294/2025";"Médio";1;10/01/2026;Serviço;651;Serviços de transporte marítimo/costeiro e transoceânico;"";"";;"";"";3.544.390,6100;1,00000;3.544.390,6100
"112/2026";Aprovada;;"Contratação de Seguros Projeto Oceanos";BENS;261101;15/01/2026;16/03/2026;60;"Programa Oceanos";"272/2025";"Alto";5;15/03/2026;Serviço;713;Serviços de seguros e de pensões(exceto serviço de reseguro)exceto serviços de seguridade social compulsória;"";"";30142;"Seguro de vida coletivo";"";2.880,0000;20,00000;57.600,0000
"112/2026";Aprovada;;"Contratação de Seguros Projeto Oceanos";BENS;261101;15/01/2026;16/03/2026;60;"Programa Oceanos";"273/2025";"Alto";6;15/03/2026;Serviço;713;Serviços de seguros e de pensões(exceto serviço de reseguro)exceto serviços de seguridade social compulsória;"";"";30142;"Seguro de vida coletivo";"";10.000,0000;6,00000;60.000,0000
"112/2026";Aprovada;;"Contratação de Seguros Projeto Oceanos";BENS;261101;15/01/2026;16/03/2026;60;"Programa Oceanos";"274/2025";"Alto";5;15/03/2026;Serviço;713;Serviços de seguros e de pensões(exceto serviço de reseguro)exceto serviços de seguridade social compulsória;"";"";30142;"Seguro de vida coletivo";"";10.000,0000;10,00000;100.000,0000
"113/2026";Aprovada;;"Contratação de serviços de seguro veicular e de equipamentos.";SERVICOS;261101;04/05/2026;03/07/2026;60;"GA - Gerência Administrativa";"116/2025";"Baixo";1;03/07/2026;Serviço;713;SERVIÇOS DE SEGUROS E DE PENSÕES(EXCETO SERVIÇO DE RESEGURO)EXCETO SERVIÇOS DE SEGURIDADE SOCIAL COMPULSÓRIA;"";"";;"";"";400.000,0000;1,00000;400.000,0000
"114/2026";Aprovada;;"Locação de veículos e equipamentos Programa Oceanos";SERVICOS;261101;14/01/2026;16/03/2026;61;"Programa Oceanos";"273/2025";"Alto";1;15/03/2026;Serviço;731;Serviços de leasing ou aluguel veículos a motor, ferroviárioembarcações, aeronaves, de equipamento de transporte, s/oper;"";"";;"";"";300.000,0000;1,00000;300.000,0000
"114/2026";Aprovada;;"Locação de veículos e equipamentos Programa Oceanos";SERVICOS;261101;14/01/2026;16/03/2026;61;"Programa Oceanos";"273/2025";"Alto";2;15/03/2026;Serviço;732;Serviços de leasing ou aluguel relacionados a outros bens;"";"";;"";"";11.250,0000;1,00000;11.250,0000
"114/2026";Aprovada;;"Locação de veículos e equipamentos Programa Oceanos";SERVICOS;261101;14/01/2026;16/03/2026;61;"Programa Oceanos";"272/2025";"Alto";1;15/03/2026;Serviço;731;Serviços de leasing ou aluguel veículos a motor, ferroviárioembarcações, aeronaves, de equipamento de transporte, s/oper;"";"";;"";"";2.602.800,0000;1,00000;2.602.800,0000
"117/2026";Aprovada;;"Desenvolvimento do aplicativo móvel ?Que Macaco é Esse??";SERVICOS;261101;03/11/2025;02/01/2026;60;"Fundação Florestal";"343/2025";"Médio";1;02/01/2026;Serviço;835;Serviços científicos e outros serviços técnicos;"";"";;"";"";3.000,0000;1,00000;3.000,0000
"120/2026";Aprovada;;"Serviço de Monitoramento Marinho FF-UNESP Programa Oceanos";SERVICOS;261101;15/01/2026;16/03/2026;60;"Programa Oceanos";"273/2025";"Alto";4;15/03/2026;Serviço;835;Serviços científicos e outros serviços técnicos;"";"";;"";"";525.480,0000;1,00000;525.480,0000
"120/2026";Aprovada;;"Serviço de Monitoramento Marinho FF-UNESP Programa Oceanos";SERVICOS;261101;15/01/2026;16/03/2026;60;"Programa Oceanos";"273/2025";"Alto";5;15/03/2026;Serviço;835;Serviços científicos e outros serviços técnicos;"";"";;"";"";16.750,0000;1,00000;16.750,0000
"121/2026";Aprovada;;"Serviço de Monitoramento Marinho FF-IO/ USP Programa Oceanos";SERVICOS;261101;15/01/2026;16/03/2026;60;"Programa Oceanos";"272/2025";"Alto";3;15/03/2026;Serviço;835;Serviços científicos e outros serviços técnicos;"";"";;"";"";760.800,0000;1,00000;760.800,0000
"121/2026";Aprovada;;"Serviço de Monitoramento Marinho FF-IO/ USP Programa Oceanos";SERVICOS;261101;15/01/2026;16/03/2026;60;"Programa Oceanos";"272/2025";"Alto";4;15/03/2026;Serviço;835;Serviços científicos e outros serviços técnicos;"";"";;"";"";20.000,0000;1,00000;20.000,0000
"84/2026";Aprovada;;"Aquisição de gás de cozinha";BENS;261101;09/02/2026;10/04/2026;60;"GA - Gerência Administrativa";"342/2025";"Baixo";1;10/04/2026;Material;8120;Cilindros comerciais e industriais para gases;"19738";"Botijão para gás";;"";"";80.000,0000;1,00000;80.000,0000
"122/2026";Aprovada;;"Contratação de instituição especializada para organização e realização de concurso público da FF";SERVICOS;261101;03/11/2025;02/01/2026;60;"Fundação Florestal";"296/2025";"Médio";1;01/01/2026;Serviço;851;Serviços De Agências De Empregos E Fornecimento De Pessoal;"";"";10014;"Recrutamento e Seleção de Pessoal / Concurso Público / Vestibular";"";1.000.000,0000;1,00000;1.000.000,0000
"125/2026";Aprovada;;"Monitoria ambiental - Prestação de serviços	";SERVICOS;261101;02/04/2026;01/06/2026;60;"GA - Gerência Administrativa";"121/2025";"Médio";1;01/06/2026;Serviço;851;SERVIÇOS DE AGÊNCIAS DE EMPREGOS E FORNECIMENTO DE PESSOAL;"";"";;"";"";930.000,0000;1,00000;930.000,0000
"126/2026";Aprovada;;"Brigadistas Temporários - contratação por processo seletivo simplificado	";SERVICOS;261101;05/02/2026;06/04/2026;60;"SP sem FOGO";"284/2025";"Alto";1;06/04/2026;Serviço;852;SERVIÇOS DE INVESTIGAÇÃO E SEGURANÇA;"";"";25550;"SERVIÇOS DE PREVENÇÃO COMBATE INCÊNDIO / BRIGADISTA";"";15.778,8200;200,00000;3.155.764,0000
"126/2026";Aprovada;;"Brigadistas Temporários - contratação por processo seletivo simplificado	";SERVICOS;261101;05/02/2026;06/04/2026;60;"SP sem FOGO";"284/2025";"Alto";2;06/04/2026;Serviço;852;SERVIÇOS DE INVESTIGAÇÃO E SEGURANÇA;"";"";25550;"SERVIÇOS DE PREVENÇÃO COMBATE INCÊNDIO / BRIGADISTA";"";24.772,3100;43,00000;1.065.209,3300
"127/2026";Aprovada;Preparação;"Vigilância (Proteção armada)";SERVICOS;261101;02/02/2026;03/04/2026;60;"Fundação Florestal";"110/2025";"Médio";1;04/04/2026;Serviço;852;Serviços de investigação e segurança;"";"";24015;"Serviço de vigilância armada";"";181.744,1800;86,00000;15.629.999,4800
"128/2026";Aprovada;;"Contratação de serviços de esgotamento e limpeza de fossa séptica";SERVICOS;261101;03/03/2026;30/04/2026;58;"GA - Gerência Administrativa";"143/2025";"Baixo";1;15/10/2026;Serviço;853;Serviços de limpeza;"";"";25194;"Serviço especializado de limpeza";"";7.142,8500;7,00000;49.999,9500
"128/2026";Aprovada;;"Contratação de serviços de esgotamento e limpeza de fossa séptica";SERVICOS;261101;03/03/2026;30/04/2026;58;"GA - Gerência Administrativa";"340/2025";"Baixo";1;30/04/2026;Serviço;853;Serviços de limpeza;"";"";16527;"Limpeza de fossa / esgoto / boca de lobo";"";5.000,0000;15,00000;75.000,0000
"131/2026";Aprovada;;"Gerenciamento de abastecimento via sistema para de veículos, máquinas e equipamentos.	";SERVICOS;261101;04/05/2026;03/07/2026;60;"GA - Gerência Administrativa";"147/2025";"Médio";1;03/07/2026;Serviço;859;OUTROS SERVIÇOS DE SUPORTE;"";"";25372;"CONTROLE DE ABASTECIMENTO DE VEÍCULOS";"";6.505.419,0000;1,00000;6.505.419,0000
"135/2026";Aprovada;;"Energia Solar - Manutenção de sistema e equipamento.";SERVICOS;261101;02/04/2026;01/06/2026;60;"GA - Gerência Administrativa";"145/2025";"Médio";1;01/06/2026;Serviço;871;SERVIÇOS DE MANUTENÇÃO E REPARO DE PRODUTOS FABRICADOS DE METAL,MAQUINARIA E EQUIPAMENTOS;"";"";;"";"";500.000,0000;1,00000;500.000,0000
"138/2026";Aprovada;;"Manutenção de radiocomunicador e sistema de rádio	";SERVICOS;261101;05/05/2026;01/07/2026;57;"GA - Gerência Administrativa";"154/2025";"Baixo";1;01/07/2026;Serviço;873;Serviços de instalação(à exceção da construção);"";"";1988;"Manutenção / instalação / montagem / ampliação -  equipamen-tos de telecomunicações";"";500.000,0000;1,00000;500.000,0000
"139/2026";Aprovada;;"Serviço de confecção de placas Pró - Juçara";SERVICOS;261101;01/06/2026;31/07/2026;60;"Pró - Juçara";"310/2025";"Médio";1;31/07/2026;Serviço;881;Serviços de manufatura em insumos físicos que sao propriedade de outros(exceto maquinaria e equipamento);"";"";;"";"";30.000,0000;1,00000;30.000,0000
"140/2026";Aprovada;Preparação;"Contratação para prestação de serviços de Apoio Operacional";SERVICOS;261101;05/05/2026;01/07/2026;57;"GA - Gerência Administrativa";"153/2025";"Médio";1;01/07/2026;Serviço;911;Serviços administrativos do governo;"";"";5380;"Prestação de serviços de apoio administrativo";"";220.000,0000;3,00000;660.000,0000
"141/2026";Aprovada;Divulgada;"Credenciamento de veterinários para prestar serviços nas UCs";SERVICOS;261101;04/12/2025;02/02/2026;60;"Fundação Florestal";"339/2025";"Alto";1;02/02/2026;Serviço;932;Serviços de veterinária;"";"";;"";"";500.000,0000;1,00000;500.000,0000
"143/2026";Aprovada;Preparação;"Obra de restauro da Igreja Santo Antônio dos Eucaliptos e do Sanitário Público da FEENA";OBRAS_SERV_ESP_ENGENHARIA;261101;01/09/2026;30/10/2026;59;"NENG - Núcle Engenharia";"345/2025";"Médio";1;31/10/2026;Serviço;964;Serviços de preservação e relacionados com museus;"";"";22969;"Restauração/ conservação e preservação de patrimônio histórico";"";1.000.000,0000;1,00000;1.000.000,0000
"185/2026";Aguardando Aprovação;;"Contratação de despachante";SERVICOS;261101;05/05/2026;02/06/2026;28;"GA - Gerência Administrativa";"19/2026";"Alto";1;26/02/2026;Serviço;839;Outros Serviços De Negócios, Técnicos E Profissionais;"";"";3948;"Despachante - Veículos";"";8.696,8100;1,00000;8.696,8100
"160/2026";Aprovada;;"Contratação de serviços de auditoria";SERVICOS;261101;09/02/2026;01/04/2026;51;"Auditoria Interna";"373/2025";"Alto";1;30/04/2026;Serviço;822;SERVIÇOS DE CONTABILIDADE,AUDITORIA FINANCEIRA E GUARDA LIVROS(CONTADOR);"";"";19623;"AUDITORIA ÁREA FINANCEIRA";"";280.000,0000;1,00000;280.000,0000
"158/2026";Aprovada;Edição;"Apoio administrativo para áreas da DAF na FF";SERVICOS;261101;19/01/2026;31/08/2026;224;"GPP - Gerência de Gestão de Pessoas";"5/2026";"Médio";1;06/03/2026;Serviço;911;Serviços administrativos do governo;"";"";;"";"";1.427.211,3600;1,00000;1.427.211,3600
"216/2026";Aguardando Aprovação;;"Aquisição de equipamentos, maquinários e veículos para atendimento ao Programa Patrulha Agrícola, po";BENS;261101;05/05/2026;31/12/2026;240;"SP sem FOGO";"56/2026";"Médio";5;31/12/2026;Material;3710;Equipamento para preparação do solo;"";"";;"";"";109.140,0000;1,00000;109.140,0000
"219/2026";Aguardando Aprovação;;"Aquisição de equipamento Programa Patrulha Agrícola, por adesão (carona) à ARP nº 90012/2025";BENS;261101;05/05/2026;31/12/2026;240;"SP sem FOGO";"56/2026";"Médio";6;31/12/2026;Material;2420;Tratores sobre rodas;"";"";;"";"";5.028.458,0000;1,00000;5.028.458,0000
"220/2026";Rascunho;;"Aquisição de materiais e equipamentos para utilização na reintrodução de Bugios-ruivos (Alouatta gua";BENS;261101;05/05/2026;30/09/2026;148;"GLS - Gerência Litoral Sul";"108/2026";"Médio";7;10/07/2026;Material;3770;Selaria, arreamento, chicote e acessórios correlatos para   animais;"16416";"Rede Puçá";254683;"acabamento superficial arco: pintura eletrostática a pó, aplicação: captura de aves, comprimento cabo: 120, diâmetro arco: 60, material arco: aço, material cabo: alumínio, material tela: fio 100% poliéster";"UN";252,7300;3,00000;758,1900
"220/2026";Rascunho;;"Aquisição de materiais e equipamentos para utilização na reintrodução de Bugios-ruivos (Alouatta gua";BENS;261101;05/05/2026;30/09/2026;148;"GLS - Gerência Litoral Sul";"108/2026";"Médio";10;10/07/2026;Material;3750;Implementos e ferramentas de jardinagem;"1374";"Tesoura Poda";247785;"aplicação: jardinagem, comprimento cabo: 21,50, material cabo: madeira, material lâmina: aço sae 1.060, peso: 660, tipo uso: para cerca viva";"UN";169,9400;3,00000;509,8200
"221/2026";Rascunho;;"Contratação de serviços de cirurgia de esterilização, implantação de transponder, coleta de amostras";SERVICOS;261101;05/05/2026;31/07/2026;87;"Fundação Florestal";"116/2026";"Alto";1;31/07/2026;Serviço;932;Serviços de veterinária;"";"";30193;"Serviço de castração padrão veterinário";"";410,6700;4.000,00000;1.642.680,0000
"229/2026";Aguardando Aprovação;;"Contratação de vale refeição, vale alimentação e PCMSO dos brigadistas ";SERVICOS;261101;05/01/2026;04/05/2026;119;"GPP - Gerência de Gestão de Pessoas";"35/2026";"Alto";1;05/05/2026;Serviço;859;OUTROS SERVIÇOS DE SUPORTE;"";"";14109;"ADMINISTRAÇÃO DE TÍQUETE ( TICKET ) / VALE ALIMENTAÇÃO (CAR-TÃO ELETRÔNICO) - SISTEMA CONVÊNIO";"";6.045,6000;300,00000;1.813.680,0000
"229/2026";Aguardando Aprovação;;"Contratação de vale refeição, vale alimentação e PCMSO dos brigadistas ";SERVICOS;261101;05/01/2026;04/05/2026;119;"GPP - Gerência de Gestão de Pessoas";"36/2026";"Alto";1;04/05/2026;Serviço;859;Outros Serviços De Suporte;"";"";14109;"Administração de Tíquete ( Ticket ) / Vale Alimentação (Car-tão Eletrônico) - Sistema Convênio";"";1.130,4000;300,00000;339.120,0000
"229/2026";Aguardando Aprovação;;"Contratação de vale refeição, vale alimentação e PCMSO dos brigadistas ";SERVICOS;261101;05/01/2026;04/05/2026;119;"GPP - Gerência de Gestão de Pessoas";"39/2026";"Alto";1;04/05/2026;Serviço;931;SERVIÇOS DE SAÚDE HUMANA;"";"";;"";"";93.859,6400;1,00000;93.859,6400
"224/2026";Aguardando Aprovação;;"Fornecimento de serviços de migração e manutenção de servidor - GA";SERVICOS;261101;05/01/2026;27/05/2026;142;"GA - Gerência Administrativa";"48/2026";"Médio";1;29/05/2026;Serviço;166;Serviços De Manutenção E Instalação De Equipamentos De Tic;"";"";;"";"";90.000,0000;1,00000;90.000,0000
"232/2026";Aguardando Aprovação;;"Aquisição de equipamentos Programa Patrulha Agrícola, por adesão (carona) à ARP nº 90012/2025.";BENS;261101;05/05/2026;31/12/2026;240;"SP sem FOGO";"56/2026";"Médio";1;31/12/2026;Material;3920;EQUIPAMENTOS NÃO AUTOPROPULSIONADO PARA MOVIMENTAÇÃO  DE  MATERIAIS;"";"";;"";"";131.075,0000;1,00000;131.075,0000
"232/2026";Aguardando Aprovação;;"Aquisição de equipamentos Programa Patrulha Agrícola, por adesão (carona) à ARP nº 90012/2025.";BENS;261101;05/05/2026;31/12/2026;240;"SP sem FOGO";"56/2026";"Médio";2;31/12/2026;Material;3805;Equipamentos para movimentação e escavação de terra;"";"";;"";"";1.020.000,0000;1,00000;1.020.000,0000
"232/2026";Aguardando Aprovação;;"Aquisição de equipamentos Programa Patrulha Agrícola, por adesão (carona) à ARP nº 90012/2025.";BENS;261101;05/05/2026;31/12/2026;240;"SP sem FOGO";"56/2026";"Médio";3;31/12/2026;Material;3720;Equipamento de colheita;"";"";;"";"";231.800,0000;1,00000;231.800,0000
"232/2026";Aguardando Aprovação;;"Aquisição de equipamentos Programa Patrulha Agrícola, por adesão (carona) à ARP nº 90012/2025.";BENS;261101;05/05/2026;31/12/2026;240;"SP sem FOGO";"56/2026";"Médio";4;31/12/2026;Material;3805;Equipamentos para movimentação e escavação de terra;"";"";;"";"";2.650.424,0000;1,00000;2.650.424,0000
"28/2026";Aprovada;;"Aquisição de Drones";BENS;261101;15/01/2026;16/03/2026;60;"Programa Oceanos";"272/2025";"Alto";9;15/03/2026;Material;1550;Aeronaves teleguiadas;"";"";;"";"";206.434,3200;1,00000;206.434,3200
"28/2026";Aprovada;;"Aquisição de Drones";BENS;261101;15/01/2026;16/03/2026;60;"Programa Oceanos";"272/2025";"Alto";10;15/03/2026;Material;1550;Aeronaves teleguiadas;"";"";;"";"";64.647,0000;1,00000;64.647,0000
"29/2026";Aprovada;;"Aquisição de embarcações";BENS;261101;01/10/2026;30/11/2026;60;"Fundação Florestal";"317/2025";"Médio";9;30/11/2026;Material;1990;Embarcacoes Diversas;"";"";;"";"";135.000,0000;1,00000;135.000,0000
"76/2026";Aprovada;;"Aquisição de Insumos agrícolas - Consumo	";BENS;261101;02/04/2026;01/06/2026;60;"GA - Gerência Administrativa";"360/2025";"Baixo";1;01/06/2026;Material;6810;Produtos químicos;"";"";;"";"";50.000,0000;1,00000;50.000,0000
"96/2026";Aprovada;;"Contratação de serviços para acesso remoto do tipo VPN";SERVICOS;261101;04/05/2026;01/07/2026;58;"GA - Gerência Administrativa";"131/2025";"Médio";1;01/07/2026;Serviço;182;SERVIÇOS DE  LICENCIAMENTO E  CONTRATOS DE TRANSFERÊNCIA DE TECNOLOGIA;"";"";27480;"LICENCIAMENTO DE DIREITOS DE PRODUÇÃO, DISTRIBUIÇÃO OU COMERCIALIZAÇÃO DE PROGRAMAS DE COMPUTADOR";"";5.000,0000;12,00000;60.000,0000
"99/2026";Aprovada;;"Contratação de ERP Geo";CONTRATACOES_TIC;261101;21/11/2025;21/01/2026;61;"Fundação Florestal";"300/2025";"Médio";1;20/01/2026;Serviço;111;Serviços  de desenvolvimento e manutenção de software;"";"";;"";"";7.000.000,0000;1,00000;7.000.000,0000
"109/2026";Aprovada;Preparação;"Capacitação Programa de monitoramento de cavernas paulistas (refeições)";SERVICOS;261101;04/03/2026;30/04/2026;57;"Fundação Florestal";"325/2025";"Médio";1;30/04/2026;Serviço;632;Serviços De Fornecimento De Comida;"";"";;"";"";5.000,0000;1,00000;5.000,0000
"111/2026";Aprovada;Preparação;"Prestação de serviço Transporte marítimo";BENS;261101;13/11/2025;12/01/2026;60;"GLS - Gerência Litoral Sul";"303/2025";"Baixo";1;12/01/2026;Serviço;652;Serviços de transporte fluvial/interior;"";"";;"";"";140.000,0000;1,00000;140.000,0000
"115/2026";Aprovada;;"Contratação de serviços de consultoria Programa Manguezais";SERVICOS;261101;21/09/2026;20/11/2026;60;"Programa Manguezais";"150/2025";"Médio";1;20/11/2026;Serviço;831;Serviços De Consultoria E De Gerência/Gestão;"";"";116;"Estudos e Projetos de Meio Ambiente Físico";"";19.734,0000;1,00000;19.734,0000
"116/2026";Aprovada;;"Contratação de serviços de auditoria externa independente.	";SERVICOS;261101;02/04/2026;01/06/2026;60;"Fundação Florestal";"118/2025";"Médio";1;01/06/2026;Serviço;831;Serviços de consultoria e de gerência/gestão;"";"";;"";"";160.000,0000;1,00000;160.000,0000
"119/2026";Aprovada;;"Serviço de Monitoramento Marinho FF-Cebimar/ USP Programa Oceanos";SERVICOS;261101;15/01/2026;16/03/2026;60;"Programa Oceanos";"274/2025";"Alto";2;15/03/2026;Serviço;835;Serviços científicos e outros serviços técnicos;"";"";;"";"";128.000,0000;1,00000;128.000,0000
"119/2026";Aprovada;;"Serviço de Monitoramento Marinho FF-Cebimar/ USP Programa Oceanos";SERVICOS;261101;15/01/2026;16/03/2026;60;"Programa Oceanos";"274/2025";"Alto";3;15/03/2026;Serviço;835;Serviços científicos e outros serviços técnicos;"";"";;"";"";1.139.040,0000;1,00000;1.139.040,0000
"119/2026";Aprovada;;"Serviço de Monitoramento Marinho FF-Cebimar/ USP Programa Oceanos";SERVICOS;261101;15/01/2026;16/03/2026;60;"Programa Oceanos";"274/2025";"Alto";4;15/03/2026;Serviço;835;Serviços científicos e outros serviços técnicos;"";"";;"";"";2.010,0000;1,00000;2.010,0000
"123/2026";Aprovada;;"Contratação para prestação de serviços de recepcionista.";SERVICOS;261101;04/05/2026;01/07/2026;58;"GA - Gerência Administrativa";"136/2025";"Médio";1;01/07/2026;Serviço;851;SERVIÇOS DE AGÊNCIAS DE EMPREGOS E FORNECIMENTO DE PESSOAL;"";"";8729;"PRESTAÇÃO DE SERVIÇOS DE PORTARIA / RECEPÇÃO";"";121.110,0000;23,00000;2.785.530,0000
"124/2026";Aprovada;Preparação;"Áreas Verdes - prestação de serviços de manutenção e conservação	";SERVICOS;261101;02/07/2026;31/08/2026;60;"GA - Gerência Administrativa";"122/2025";"Médio";1;31/08/2026;Serviço;851;SERVIÇOS DE AGÊNCIAS DE EMPREGOS E FORNECIMENTO DE PESSOAL;"";"";24325;"PRESTAÇÃO DE SERVIÇO DE JARDINAGEM - OUTROS SERVIÇOS - OUTRAPRODUTIVIDADE";"";651.000,0000;1,00000;651.000,0000
"129/2026";Aprovada;;"Limpeza, asseio e conservação predial - Prestação de serviço	";SERVICOS;261101;01/05/2026;01/07/2026;61;"GA - Gerência Administrativa";"125/2025";"Médio";1;01/07/2026;Serviço;853;SERVIÇOS DE LIMPEZA;"";"";25194;"SERVIÇO ESPECIALIZADO DE LIMPEZA";"";20,2900;49.000,00000;994.210,0000
"130/2026";Devolvida;;"Temporários para diversas áreas - contratação por processo seletivo simplificado";SERVICOS;261101;30/01/2026;01/04/2026;61;"Fundação Florestal";"344/2025";"Médio";1;01/04/2026;Serviço;859;OUTROS SERVIÇOS DE SUPORTE;"";"";4081;"PRESTAÇÃO DE SERVIÇOS TEMPORÁRIOS";"";15.778,8100;20,00000;315.576,2000
"130/2026";Devolvida;;"Temporários para diversas áreas - contratação por processo seletivo simplificado";SERVICOS;261101;30/01/2026;01/04/2026;61;"Fundação Florestal";"344/2025";"Médio";2;01/04/2026;Serviço;859;OUTROS SERVIÇOS DE SUPORTE;"";"";4081;"PRESTAÇÃO DE SERVIÇOS TEMPORÁRIOS";"";24.772,3000;15,00000;371.584,5000
"130/2026";Devolvida;;"Temporários para diversas áreas - contratação por processo seletivo simplificado";SERVICOS;261101;30/01/2026;01/04/2026;61;"Fundação Florestal";"344/2025";"Médio";3;01/04/2026;Serviço;859;Outros serviços de suporte;"";"";4081;"Prestação de serviços temporários";"";10.519,2100;20,00000;210.384,2000
"132/2026";Aprovada;;"Serviço de dispersão de sementes de palmeira-juçara por meio de equipamento de Drone ";SERVICOS;261101;04/03/2026;30/04/2026;57;"Pró - Juçara";"327/2025";"Alto";1;30/04/2026;Serviço;861;Serviços relativos à agricultura, caça, reflorestamento e pesca;"";"";15954;"Agricultura - preparação / plantio / colheita";"";720.000,0000;1,00000;720.000,0000
"133/2026";Aprovada;;"Contração de Serviço de Manutenção de Informática	";SERVICOS;261101;01/05/2026;30/06/2026;60;"GA - Gerência Administrativa";"337/2025";"Baixo";1;30/06/2026;Serviço;871;Serviços de manutenção e reparo de produtos fabricados de metal,maquinaria e equipamentos;"";"";;"";"";100.000,0000;1,00000;100.000,0000
"133/2026";Aprovada;;"Contração de Serviço de Manutenção de Informática	";SERVICOS;261101;01/05/2026;30/06/2026;60;"GA - Gerência Administrativa";"337/2025";"Baixo";2;30/06/2026;Serviço;872;Serviços De Reparo De Outros Bens;"";"";;"";"";200.000,0000;1,00000;200.000,0000
"133/2026";Aprovada;;"Contração de Serviço de Manutenção de Informática	";SERVICOS;261101;01/05/2026;30/06/2026;60;"GA - Gerência Administrativa";"337/2025";"Baixo";3;30/06/2026;Serviço;871;SERVIÇOS DE MANUTENÇÃO E REPARO DE PRODUTOS FABRICADOS DE METAL,MAQUINARIA E EQUIPAMENTOS;"";"";27111;"SERVIÇOS DE INSTALAÇÃO DE EQUIPAMENTOS DE TI (COMPUTADORES E SEUS PERIFÉRICOS)";"";390,0000;800,00000;312.000,0000
"134/2026";Aprovada;Divulgada;"Manutenção Corretiva, Preventiva e Instalação de Ar Condicionado	";SERVICOS;261101;14/09/2026;09/11/2026;56;"GA - Gerência Administrativa";"301/2025";"Baixo";1;20/02/2026;Serviço;871;Serviços De Manutenção E Reparo De Produtos Fabricados De Metal,Maquinaria E Equipamentos;"";"";2771;"Ar Condicionado - Manutenção de Sistemas / Limpeza";"";300.000,0000;1,00000;300.000,0000
"136/2026";Aprovada;;"Recarga de Cilindros de Ar para o Parque Estadual da Ilha Anchieta.";SERVICOS;261101;13/11/2025;12/01/2026;60;"GLN - Gerência Litoral Norte";"100/2025";"Médio";1;12/01/2026;Serviço;871;Serviços De Manutenção E Reparo De Produtos Fabricados De Metal,Maquinaria E Equipamentos;"";"";19429;"Instalação / Manutenção - Sistema Ar Comprimido";"";90,6700;240,00000;21.760,8000
"137/2026";Aprovada;;"Serviços de manutenção e reparo em equipamentos Programa Oceanos";SERVICOS;261101;15/01/2026;16/03/2026;60;"Programa Oceanos";"274/2025";"Alto";1;15/03/2026;Serviço;872;Serviços de reparo de outros bens;"";"";;"";"";90.000,0000;1,00000;90.000,0000
"142/2026";Aprovada;;"Serviços de Dedetização,  Descupinização, Desratização e Desinfecção de áreas protegidas	";SERVICOS;261101;06/11/2025;05/01/2026;60;"GA - Gerência Administrativa";"156/2025";"Baixo";1;05/01/2026;Serviço;943;Serviços De Saneamento E Serviços Similares;"";"";;"";"";200.000,0000;1,00000;200.000,0000
"144/2026";Aprovada;;"Contratações de patrocínio para apoio institucional em eventos, ações e atividades e divulgação FF";SERVICOS;261101;04/12/2025;02/02/2026;60;"Fundação Florestal";"295/2025";"Baixo";1;02/02/2026;Serviço;979;Outros Serviços Diversos/Miscelânea;"";"";24732;"Patrocínio";"";100.000,0000;6,00000;600.000,0000
"217/2026";Aguardando Aprovação;;"Aquisição de hilux convênio SP águas";BENS;261101;05/05/2026;31/12/2026;240;"GVPM - Gerência Vale do Paraíba e Mantiqueira";"23/2026";"Alto";1;08/04/2026;Material;2320;Veículos Sobre Rodas;"14419";"Veículo Pick-Up";;"";"";337.096,6700;1,00000;337.096,6700
"218/2026";Aguardando Aprovação;;"Aquisição de 01 Veículo Utilitário Multitarefas (UTV) 4x4, para atendimento ao Convênio SP Águas";BENS;261101;05/05/2026;31/12/2026;240;"Fundação Florestal";"326/2026";"Médio";1;15/10/2026;Material;2320;VEÍCULOS SOBRE RODAS;"";"";;"";"";111.251,0000;1,00000;111.251,0000
"222/2026";Aguardando Aprovação;;"serviços de identificação, por meio de dispositivo eletrônico veicular (TAG)";SERVICOS;261101;05/01/2026;16/03/2026;70;"GA - Gerência Administrativa";"7/2026";"Alto";1;16/03/2026;Serviço;711;SERVIÇOS DE INTERMEDIAÇÃO FINANCEIRA,EXCETO SERVIÇO BANCÁRIODE INVESTIMENTO,SERVIÇOS DE SEGUROS E DE PENSÕES;"";"";21903;"PEDÁGIO ELETRÔNICO";"";238,8000;27,00000;6.447,6000
"223/2026";Aguardando Aprovação;;"Contratação de serviço de Posto de Motorista ";SERVICOS;261101;05/01/2026;30/06/2026;176;"GA - Gerência Administrativa";"34/2026";"Baixo";1;30/06/2026;Serviço;911;Serviços administrativos do governo;"";"";5380;"Prestação de serviços de apoio administrativo";"";160.000,0000;1,00000;160.000,0000
"225/2026";Aguardando Aprovação;;"Aquisição de material de limpeza, por adesão (carona) à ARP nº 90006/2025. - GA";BENS;261101;05/01/2026;30/09/2026;268;"GA - Gerência Administrativa";"114/2026";"Baixo";2;30/09/2026;Material;7930;COMPOSTOS E PREPARADOS PARA LIMPEZA E POLIMENTO;"11200";"SOLUÇÃO LIMPEZA MULTIUSO";486078;"ASPECTO FÍSICO: AQUOSO, CARACTERÍSTICAS ADICIONAIS: 3 MICRAS, COMPOSIÇÃO BÁSICA: SUSPENSÃO DE DIAMANTE MONO CRISTALINO";"FR";5,6700;400,00000;2.268,0000
"225/2026";Aguardando Aprovação;;"Aquisição de material de limpeza, por adesão (carona) à ARP nº 90006/2025. - GA";BENS;261101;05/01/2026;30/09/2026;268;"GA - Gerência Administrativa";"114/2026";"Baixo";3;30/09/2026;Material;7930;COMPOSTOS E PREPARADOS PARA LIMPEZA E POLIMENTO;"2166";"ÁGUA SANITÁRIA";624677;"COMPOSIÇÃO QUÍMICA: HIPOCLORITO DE SÓDIO, HIDRÓXIDO DE SÓDIO, CLORETO, COR: INCOLOR, DENSIDADE: DE 1,20 A 1, TEOR CLORO ATIVO: VARIA DE 2 A 2,50%, TIPO: COMUM";"GRF";17,0800;200,00000;3.416,0000
"225/2026";Aguardando Aprovação;;"Aquisição de material de limpeza, por adesão (carona) à ARP nº 90006/2025. - GA";BENS;261101;05/01/2026;30/09/2026;268;"GA - Gerência Administrativa";"114/2026";"Baixo";5;30/09/2026;Material;8105;SACOS E BOLSAS;"11903";"SACO PLÁSTICO LIXO";627701;"ALTURA: 105, APLICAÇÃO: COLETA DE LIXO, CAPACIDADE: 100, CARACTERÍSTICAS ADICIONAIS: REFORÇADO, COR: BRANCA, LARGURA: 75, MATERIAL: POLIETILENO ALTA DENSIDADE";"PCT";71,9000;200,00000;14.380,0000
"225/2026";Aguardando Aprovação;;"Aquisição de material de limpeza, por adesão (carona) à ARP nº 90006/2025. - GA";BENS;261101;05/01/2026;30/09/2026;268;"GA - Gerência Administrativa";"114/2026";"Baixo";6;30/09/2026;Material;8105;SACOS E BOLSAS;"11903";"SACO PLÁSTICO LIXO";429938;"ALTURA: 80, CAPACIDADE: 50, CARACTERÍSTICAS ADICIONAIS: COM SIMBOLOGIA DE TÓXICO E RESÍDUO QUÍMICO, COR: LARANJA, LARGURA: 63";"PCT";34,2800;100,00000;3.428,0000
"225/2026";Aguardando Aprovação;;"Aquisição de material de limpeza, por adesão (carona) à ARP nº 90006/2025. - GA";BENS;261101;05/01/2026;30/09/2026;268;"GA - Gerência Administrativa";"114/2026";"Baixo";7;30/09/2026;Material;8105;SACOS E BOLSAS;"11903";"SACO PLÁSTICO LIXO";635629;"ALTURA: 62, APLICAÇÃO: SACO PLÁSTICO PARA DESCARTE DE RESÍDUOS QUÍMICOS, CAPACIDADE: 30, CARACTERÍSTICAS ADICIONAIS: INDICAÇÃO DE ?RESÍDUO TÓXICO? E COM SÍMBOLO DE TÓX, COR: LARANJA, LARGURA: 59, MATERIAL: POLIETILENO ALTA DENSIDADE, NORMAS TÉCNICAS: ABNT NBR 9191/7500";"PCT";26,3000;100,00000;2.630,0000
"225/2026";Aguardando Aprovação;;"Aquisição de material de limpeza, por adesão (carona) à ARP nº 90006/2025. - GA";BENS;261101;05/01/2026;30/09/2026;268;"GA - Gerência Administrativa";"114/2026";"Baixo";8;30/09/2026;Material;8520;SABONETES, ARTIGOS PARA BARBEAR E DENTIFRÍCIOS;"11870";"SABONETE LÍQUIDO";635615;"ACIDEZ: 6,0 E 7,8, APLICAÇÃO: LAVAGEM DE MÃOS, ASPECTO FÍSICO: LÍQUIDO VISCOSO, CARACTERÍSTICAS ADICIONAIS: AROMA DE ERVA DOCE, COMPOSIÇÃO: GLICERINA, LAURIL ÉTER SULFATO DE SÓDIO, COCAMIDOP";"GL";23,2500;200,00000;4.650,0000
"225/2026";Aguardando Aprovação;;"Aquisição de material de limpeza, por adesão (carona) à ARP nº 90006/2025. - GA";BENS;261101;05/01/2026;30/09/2026;268;"GA - Gerência Administrativa";"114/2026";"Baixo";9;30/09/2026;Material;9320;Artigos de borracha;"8958";"Luva Borracha";614948;"características adicionais: ca 32038; luva de malha com banho nitrílico, material: borracha nitrílica, tamanho: grande, tipo proteção: resistente 1006n";"PAR";6,8100;530,00000;3.609,3000
"225/2026";Aguardando Aprovação;;"Aquisição de material de limpeza, por adesão (carona) à ARP nº 90006/2025. - GA";BENS;261101;05/01/2026;30/09/2026;268;"GA - Gerência Administrativa";"114/2026";"Baixo";10;30/09/2026;Material;9320;Artigos de borracha;"8958";"Luva Borracha";477578;"características adicionais: aveludada internamente, antiderrapante e bordas aj, cor: amarela, material: látex natural, tamanho: sob medida";"PAR";9,4200;970,00000;9.137,4000
"226/2026";Aguardando Aprovação;;"Aquisição de material de limpeza, por adesão (carona) à ARP nº 90006/2025.";BENS;261101;05/05/2026;30/09/2026;148;"GA - Gerência Administrativa";"114/2026";"Baixo";1;30/09/2026;Material;6840;PESTICIDAS E DESINFETANTES;"6137";"DETERGENTE SANEANTE";461418;"ASPECTO FÍSICO: LÍQUIDO, CARACTERÍSTICA ADICIONAL: CONCENTRADO, COMPOSIÇÃO: ALQUILAMINA";"ML";3,8300;1.000,00000;3.830,0000
"226/2026";Aguardando Aprovação;;"Aquisição de material de limpeza, por adesão (carona) à ARP nº 90006/2025.";BENS;261101;05/05/2026;30/09/2026;148;"GA - Gerência Administrativa";"114/2026";"Baixo";4;30/09/2026;Material;6840;PESTICIDAS E DESINFETANTES;"14487";"DESINFETANTE SANEANTE";630559;"FORMA FÍSICA: LÍQUIDA, PRINCÍPIO ATIVO: CLORETO ALQUIL DIMETIL BENZIL AMÔNIO, TEOR ATIVO: 0,4% (P/P)";"ML";7,8200;200,00000;1.564,0000
"227/2026";Aguardando Aprovação;;"Aquisição de cadeiras ergonômicas, por meio de adesão à Ata de Registro de Preços - GA";BENS;261101;05/05/2026;31/08/2026;118;"GA - Gerência Administrativa";"79/2026";"Baixo";1;31/08/2026;Material;7110;Mobiliário para escritório;"";"";;"";"";2.699,0000;1,00000;2.699,0000
"228/2026";Aguardando Aprovação;;"registro de preços, para a eventual aquisição de roupas de cama, mesa, banho e utensílios copa/cozin";BENS;261101;05/05/2026;31/07/2026;87;"GA - Gerência Administrativa";"106/2026";"Baixo";1;31/07/2026;Material;7210;Utensílios domésticos;"";"";;"";"";300.000,0000;1,00000;300.000,0000
"228/2026";Aguardando Aprovação;;"registro de preços, para a eventual aquisição de roupas de cama, mesa, banho e utensílios copa/cozin";BENS;261101;05/05/2026;31/07/2026;87;"GA - Gerência Administrativa";"106/2026";"Baixo";2;31/07/2026;Material;7210;UTENSÍLIOS DOMÉSTICOS;"19710";"TOALHA BANHO";;"";"";100.000,0000;1,00000;100.000,0000
"228/2026";Aguardando Aprovação;;"registro de preços, para a eventual aquisição de roupas de cama, mesa, banho e utensílios copa/cozin";BENS;261101;05/05/2026;31/07/2026;87;"GA - Gerência Administrativa";"106/2026";"Baixo";3;31/07/2026;Material;7210;Utensílios domésticos;"18651";"Jogo cama";;"";"";100.000,0000;1,00000;100.000,0000
"228/2026";Aguardando Aprovação;;"registro de preços, para a eventual aquisição de roupas de cama, mesa, banho e utensílios copa/cozin";BENS;261101;05/05/2026;31/07/2026;87;"GA - Gerência Administrativa";"106/2026";"Baixo";4;31/07/2026;Material;7210;Utensílios domésticos;"19709";"Colchão";;"";"";300.000,0000;1,00000;300.000,0000
"230/2026";Aguardando Aprovação;;"	Contratação de serviço para instalação de placas de sinalização convênio SP águas";SERVICOS;261101;05/05/2026;22/05/2026;17;"GVPM - Gerência Vale do Paraíba e Mantiqueira";"25/2026";"Alto";1;22/05/2026;Serviço;833;SERVIÇOS DE ENGENHARIA;"";"";2836;"INSTALAÇÃO / MANUTENÇÃO DE SISTEMA DE SINALIZAÇÃO TRÂNSITO  VERTICAL / HORIZONTAL";"";1.258,3300;28,00000;35.233,2400
"231/2026";Aguardando Aprovação;;"ubstituição de 02 (dois) Transformadores de Distribuição de Energia, 150 Kv e 15 Kv - GVRAP";SERVICOS;261101;05/05/2026;22/05/2026;17;"GVRAP - Gerência do Alto Paranapanema";"28/2026";"Médio";1;22/05/2026;Serviço;871;SERVIÇOS DE MANUTENÇÃO E REPARO DE PRODUTOS FABRICADOS DE METAL,MAQUINARIA E EQUIPAMENTOS;"";"";4782;"MANUTENÇÃO / INSTALAÇÃO DE TRANSFORMADORES ATÉ 34,5KV";"";25.300,0000;2,00000;50.600,0000
"233/2026";Aguardando Aprovação;;"Aquisição de equipamentos e veículos - Programa Agro SP + Seguro - ARP n° 90010/2025 (carona)";BENS;261101;05/05/2026;31/12/2026;240;"SP sem FOGO";"63/2026";"Baixo";1;31/12/2026;Material;8145;Recipientes especializados para transporte e armazenagem;"";"";;"";"";943.902,3600;1,00000;943.902,3600
"233/2026";Aguardando Aprovação;;"Aquisição de equipamentos e veículos - Programa Agro SP + Seguro - ARP n° 90010/2025 (carona)";BENS;261101;05/05/2026;31/12/2026;240;"SP sem FOGO";"63/2026";"Baixo";2;31/12/2026;Material;4210;Equipamentos para combate a incêndio;"";"";;"";"";155.890,0000;1,00000;155.890,0000
"233/2026";Aguardando Aprovação;;"Aquisição de equipamentos e veículos - Programa Agro SP + Seguro - ARP n° 90010/2025 (carona)";BENS;261101;05/05/2026;31/12/2026;240;"SP sem FOGO";"63/2026";"Baixo";3;31/12/2026;Material;4210;EQUIPAMENTOS PARA COMBATE A INCÊNDIO;"";"";;"";"";112.035,0000;1,00000;112.035,0000
"233/2026";Aguardando Aprovação;;"Aquisição de equipamentos e veículos - Programa Agro SP + Seguro - ARP n° 90010/2025 (carona)";BENS;261101;05/05/2026;31/12/2026;240;"SP sem FOGO";"63/2026";"Baixo";4;31/12/2026;Material;4210;EQUIPAMENTOS PARA COMBATE A INCÊNDIO;"";"";;"";"";321.300,0000;1,00000;321.300,0000
"234/2026";Aguardando Aprovação;;"Contratação de serviço especializado para supressão de vegetação exótica Programa Manguezais ";SERVICOS;261101;05/05/2026;31/12/2026;240;"Programa Manguezais";"11/2026";"Médio";1;31/12/2026;Serviço;861;Serviços relativos à agricultura, caça, reflorestamento e pesca;"";"";;"";"";1.000.000,0000;1,00000;1.000.000,0000
"235/2026";Aguardando Aprovação;;"Serviços especializados de intervenção técnica no ambiente de Active Directory";CONTRATACOES_TIC;261101;05/01/2026;24/04/2026;109;"GA - Gerência Administrativa";"69/2026";"Alto";1;24/04/2026;Serviço;859;Outros serviços de suporte;"";"";;"";"";45.000,0000;1,00000;45.000,0000
"236/2026";Aguardando Aprovação;;"Aquisição de 01 (uma) câmera fotográfica digital tipo profissional convênio SP águas";BENS;261101;05/05/2026;29/05/2026;24;"GVPM - Gerência Vale do Paraíba e Mantiqueira";"49/2026";"Alto";1;29/05/2026;Material;6720;Câmaras fotográficas;"14570";"Câmera fotográfica digital";;"";"";8.000,2800;1,00000;8.000,2800
