Número da contratação;Status da contratação;Situação da Execução;Título da contratação;Categoria da contratação;UASG Atual;Data estimada para o início do processo de contratação;Data estimada para a conclusão do processo de contratação;Prazo estimado de duração do processo de contratação (dias);Área requisitante;Nº DFD;Prioridade;Nº do Item no DFD;Data da conclusão da Contratação no DFD;Classificação da Contratação;Código Classe/Grupo;Nome Classe/Grupo;Código PDM material;Nome do PDM material;Código material/serviço;Descrição material/serviço;Unidade Fornecimento;Valor Unitário;Quantidade;Valor Total
"40/2027";Aprovada;;"Aquisição de alimentos para cooperação técnica no monitoramento marinho FF-UNIFESP Programa oceanos";BENS;261101;14/01/2027;15/03/2027;60;"Programa Oceanos";"198/2026";"Alto";2;15/03/2027;Material;8905;Carnes, aves e peixes;"";"";;"";"";18.000,0000;1,00000;18.000,0000
"42/2027";Aprovada;;"Serviços para avaliar a saúde ambiental do PE de Laje de Santos (PEMLS) - Programa Oceanos";SERVICOS;261101;14/01/2027;15/03/2027;60;"Programa Oceanos";"265/2026";"Alto";1;15/03/2027;Serviço;732;SERVIÇOS DE LEASING OU ALUGUEL RELACIONADOS A OUTROS BENS;"";"";14699;"LOCAÇÃO DE EMBARCAÇÃO MARÍTIMA / FLUVIAL";"";8.000,0000;16,00000;128.000,0000
"42/2027";Aprovada;;"Serviços para avaliar a saúde ambiental do PE de Laje de Santos (PEMLS) - Programa Oceanos";SERVICOS;261101;14/01/2027;15/03/2027;60;"Programa Oceanos";"265/2026";"Alto";2;15/03/2027;Serviço;979;OUTROS SERVIÇOS DIVERSOS/MISCELÂNEA;"";"";1252;"SUBAQUÁTICO (MERGULHO)";"";660,0000;48,00000;31.680,0000
"42/2027";Aprovada;;"Serviços para avaliar a saúde ambiental do PE de Laje de Santos (PEMLS) - Programa Oceanos";SERVICOS;261101;14/01/2027;15/03/2027;60;"Programa Oceanos";"265/2026";"Alto";3;15/03/2027;Serviço;835;Serviços científicos e outros serviços técnicos;"";"";;"";"";25.200,0000;1,00000;25.200,0000
"42/2027";Aprovada;;"Serviços para avaliar a saúde ambiental do PE de Laje de Santos (PEMLS) - Programa Oceanos";SERVICOS;261101;14/01/2027;15/03/2027;60;"Programa Oceanos";"265/2026";"Alto";4;15/03/2027;Serviço;835;Serviços científicos e outros serviços técnicos;"";"";;"";"";50.400,0000;1,00000;50.400,0000
"42/2027";Aprovada;;"Serviços para avaliar a saúde ambiental do PE de Laje de Santos (PEMLS) - Programa Oceanos";SERVICOS;261101;14/01/2027;15/03/2027;60;"Programa Oceanos";"265/2026";"Alto";5;15/03/2027;Serviço;835;Serviços científicos e outros serviços técnicos;"";"";;"";"";111.600,0000;1,00000;111.600,0000
"42/2027";Aprovada;;"Serviços para avaliar a saúde ambiental do PE de Laje de Santos (PEMLS) - Programa Oceanos";SERVICOS;261101;14/01/2027;15/03/2027;60;"Programa Oceanos";"265/2026";"Alto";6;15/03/2027;Serviço;835;Serviços científicos e outros serviços técnicos;"";"";1171;"Ensaio e análises químicas";"";83,0000;640,00000;53.120,0000
"42/2027";Aprovada;;"Serviços para avaliar a saúde ambiental do PE de Laje de Santos (PEMLS) - Programa Oceanos";SERVICOS;261101;14/01/2027;15/03/2027;60;"Programa Oceanos";"265/2026";"Alto";7;15/03/2027;Serviço;835;Serviços científicos e outros serviços técnicos;"";"";1171;"Ensaio e análises químicas";"";368,0000;180,00000;66.240,0000
"42/2027";Aprovada;;"Serviços para avaliar a saúde ambiental do PE de Laje de Santos (PEMLS) - Programa Oceanos";SERVICOS;261101;14/01/2027;15/03/2027;60;"Programa Oceanos";"265/2026";"Alto";8;15/03/2027;Serviço;835;Serviços científicos e outros serviços técnicos;"";"";1171;"Ensaio e análises químicas";"";955,0000;36,00000;34.380,0000
"44/2027";Aprovada;;"Contratação de seguro para ações de monitoramento - Programa Oceanos (FF-UNIFESP, IO/USP e Cebimar)";SERVICOS;261101;14/01/2027;15/03/2027;60;"Programa Oceanos";"192/2026";"Alto";5;15/03/2027;Serviço;713;Serviços de seguros e de pensões(exceto serviço de reseguro)exceto serviços de seguridade social compulsória;"";"";30142;"Seguro de vida coletivo";"";10.000,0000;10,00000;100.000,0000
"44/2027";Aprovada;;"Contratação de seguro para ações de monitoramento - Programa Oceanos (FF-UNIFESP, IO/USP e Cebimar)";SERVICOS;261101;14/01/2027;15/03/2027;60;"Programa Oceanos";"198/2026";"Alto";6;15/03/2027;Serviço;713;Serviços de seguros e de pensões(exceto serviço de reseguro)exceto serviços de seguridade social compulsória;"";"";30142;"Seguro de vida coletivo";"";10.000,0000;6,00000;60.000,0000
"44/2027";Aprovada;;"Contratação de seguro para ações de monitoramento - Programa Oceanos (FF-UNIFESP, IO/USP e Cebimar)";SERVICOS;261101;14/01/2027;15/03/2027;60;"Programa Oceanos";"199/2026";"Alto";5;15/03/2027;Serviço;713;Serviços de seguros e de pensões(exceto serviço de reseguro)exceto serviços de seguridade social compulsória;"";"";30142;"Seguro de vida coletivo";"";2.880,0000;20,00000;57.600,0000
"45/2027";Aprovada;;"Locação de veículos e embarcações IO/USP ? Programa Oceanos";SERVICOS;261101;14/01/2027;15/03/2027;60;"Programa Oceanos";"199/2026";"Alto";1;15/03/2027;Serviço;731;Serviços de leasing ou aluguel veículos a motor, ferroviárioembarcações, aeronaves, de equipamento de transporte, s/oper;"";"";;"";"";2.602.800,0000;1,00000;2.602.800,0000
"46/2027";Aprovada;;"Locação de veículos e embarcações - FF-UNIFESP";SERVICOS;261101;14/01/2027;15/03/2027;60;"Programa Oceanos";"198/2026";"Alto";1;15/03/2027;Serviço;731;Serviços de leasing ou aluguel veículos a motor, ferroviárioembarcações, aeronaves, de equipamento de transporte, s/oper;"";"";;"";"";300.000,0000;1,00000;300.000,0000
"46/2027";Aprovada;;"Locação de veículos e embarcações - FF-UNIFESP";SERVICOS;261101;14/01/2027;15/03/2027;60;"Programa Oceanos";"198/2026";"Alto";2;15/03/2027;Serviço;732;Serviços de leasing ou aluguel relacionados a outros bens;"";"";;"";"";11.250,0000;1,00000;11.250,0000
"43/2027";Aprovada;;"Serviços monitoramento da poluição e seus efeitos em áreas marinhas protegidas - Programa Oceanos";SERVICOS;261101;14/01/2027;15/03/2027;60;"Programa Oceanos";"228/2026";"Alto";1;15/03/2027;Serviço;835;SERVIÇOS CIENTÍFICOS E OUTROS SERVIÇOS TÉCNICOS;"";"";20761;"LABORATÓRIO - ANÁLISE TOXICIDADE";"";1.666,6700;36,00000;60.000,1200
"43/2027";Aprovada;;"Serviços monitoramento da poluição e seus efeitos em áreas marinhas protegidas - Programa Oceanos";SERVICOS;261101;14/01/2027;15/03/2027;60;"Programa Oceanos";"228/2026";"Alto";2;15/03/2027;Serviço;835;SERVIÇOS CIENTÍFICOS E OUTROS SERVIÇOS TÉCNICOS;"";"";20753;"LABORATÓRIO - ANÁLISE FISICO-QUÍMICA";"";400,0000;120,00000;48.000,0000
"43/2027";Aprovada;;"Serviços monitoramento da poluição e seus efeitos em áreas marinhas protegidas - Programa Oceanos";SERVICOS;261101;14/01/2027;15/03/2027;60;"Programa Oceanos";"228/2026";"Alto";3;15/03/2027;Serviço;835;Serviços científicos e outros serviços técnicos;"";"";20729;"Laboratório - análise toxicológica";"";100,0000;120,00000;12.000,0000
"43/2027";Aprovada;;"Serviços monitoramento da poluição e seus efeitos em áreas marinhas protegidas - Programa Oceanos";SERVICOS;261101;14/01/2027;15/03/2027;60;"Programa Oceanos";"228/2026";"Alto";4;15/03/2027;Serviço;835;Serviços científicos e outros serviços técnicos;"";"";18830;"Laboratório - análise química";"";1.200,0000;120,00000;144.000,0000
"43/2027";Aprovada;;"Serviços monitoramento da poluição e seus efeitos em áreas marinhas protegidas - Programa Oceanos";SERVICOS;261101;14/01/2027;15/03/2027;60;"Programa Oceanos";"228/2026";"Alto";5;15/03/2027;Serviço;835;Serviços científicos e outros serviços técnicos;"";"";18830;"Laboratório - análise química";"";100,0000;120,00000;12.000,0000
"43/2027";Aprovada;;"Serviços monitoramento da poluição e seus efeitos em áreas marinhas protegidas - Programa Oceanos";SERVICOS;261101;14/01/2027;15/03/2027;60;"Programa Oceanos";"228/2026";"Alto";6;15/03/2027;Serviço;835;Serviços científicos e outros serviços técnicos;"";"";;"";"";702.720,0000;1,00000;702.720,0000
"43/2027";Aprovada;;"Serviços monitoramento da poluição e seus efeitos em áreas marinhas protegidas - Programa Oceanos";SERVICOS;261101;14/01/2027;15/03/2027;60;"Programa Oceanos";"228/2026";"Alto";7;15/03/2027;Serviço;835;Serviços científicos e outros serviços técnicos;"";"";;"";"";325.440,0000;1,00000;325.440,0000
"43/2027";Aprovada;;"Serviços monitoramento da poluição e seus efeitos em áreas marinhas protegidas - Programa Oceanos";SERVICOS;261101;14/01/2027;15/03/2027;60;"Programa Oceanos";"228/2026";"Alto";8;15/03/2027;Serviço;711;Serviços De Intermediação Financeira,Exceto Serviço Bancáriode Investimento,Serviços De Seguros E De Pensões;"";"";21849;"Pagamento Diária - Nacional / Internacional";"";560,0000;180,00000;100.800,0000
"43/2027";Aprovada;;"Serviços monitoramento da poluição e seus efeitos em áreas marinhas protegidas - Programa Oceanos";SERVICOS;261101;14/01/2027;15/03/2027;60;"Programa Oceanos";"228/2026";"Alto";9;15/03/2027;Serviço;711;Serviços De Intermediação Financeira,Exceto Serviço Bancáriode Investimento,Serviços De Seguros E De Pensões;"";"";21849;"Pagamento Diária - Nacional / Internacional";"";418,0000;144,00000;60.192,0000
"47/2027";Aprovada;;"Contratação de serviços científicos IO/USP ? Programa Oceanos";SERVICOS;261101;14/01/2027;15/03/2027;60;"Programa Oceanos";"199/2026";"Alto";3;15/03/2027;Serviço;835;Serviços científicos e outros serviços técnicos;"";"";;"";"";760.800,0000;1,00000;760.800,0000
"47/2027";Aprovada;;"Contratação de serviços científicos IO/USP ? Programa Oceanos";SERVICOS;261101;14/01/2027;15/03/2027;60;"Programa Oceanos";"199/2026";"Alto";4;15/03/2027;Serviço;835;Serviços científicos e outros serviços técnicos;"";"";;"";"";20.000,0000;1,00000;20.000,0000
"48/2027";Aprovada;;"Contratação de serviços científicos FF-UNIFESP ? Programa Oceanos";SERVICOS;261101;14/01/2027;15/03/2027;60;"Programa Oceanos";"198/2026";"Alto";4;15/03/2027;Serviço;835;Serviços científicos e outros serviços técnicos;"";"";;"";"";525.480,0000;1,00000;525.480,0000
"48/2027";Aprovada;;"Contratação de serviços científicos FF-UNIFESP ? Programa Oceanos";SERVICOS;261101;14/01/2027;15/03/2027;60;"Programa Oceanos";"198/2026";"Alto";5;15/03/2027;Serviço;835;Serviços científicos e outros serviços técnicos;"";"";;"";"";16.750,0000;1,00000;16.750,0000
"49/2027";Aprovada;;"Contratação de serviços científicos FF-Cebimar/USP ? Programa Oceanos";SERVICOS;261101;14/01/2027;15/03/2027;60;"Programa Oceanos";"192/2026";"Alto";2;15/03/2027;Serviço;835;Serviços científicos e outros serviços técnicos;"";"";;"";"";128.000,0000;1,00000;128.000,0000
"49/2027";Aprovada;;"Contratação de serviços científicos FF-Cebimar/USP ? Programa Oceanos";SERVICOS;261101;14/01/2027;15/03/2027;60;"Programa Oceanos";"192/2026";"Alto";3;15/03/2027;Serviço;835;Serviços científicos e outros serviços técnicos;"";"";;"";"";1.139.040,0000;1,00000;1.139.040,0000
"49/2027";Aprovada;;"Contratação de serviços científicos FF-Cebimar/USP ? Programa Oceanos";SERVICOS;261101;14/01/2027;15/03/2027;60;"Programa Oceanos";"192/2026";"Alto";4;15/03/2027;Serviço;835;Serviços científicos e outros serviços técnicos;"";"";;"";"";2.010,0000;1,00000;2.010,0000
"50/2027";Aprovada;;"Serviços para o monitoramento marinho de cetáceos - FF-Cebimar/USP? Programa Oceanos";SERVICOS;261101;13/05/2027;15/07/2027;63;"Programa Oceanos";"192/2026";"Alto";1;15/03/2027;Serviço;872;Serviços de reparo de outros bens;"";"";;"";"";90.000,0000;1,00000;90.000,0000
"51/2027";Aprovada;;"Aquisição de Container banheiro com cabines ";BENS;261101;02/04/2027;01/06/2027;60;"NENG - Núcle Engenharia";"178/2026";"Médio";1;01/06/2027;Material;8145;Recipientes Especializados Para Transporte E Armazenagem;"5792";"Container";617498;"aplicação: módulo habitacional, capacidade: 24.000, características adicionais: estabilizado contra raios uv, resistente a intempe, cor: branca, dimensões: 6 x 2,90 x 2,30 (cxaxl), material: metal, tipo: refrigerado";"UN";120.000,0000;2,00000;240.000,0000
"52/2027";Aprovada;;"Serviço de Cercamento com gradil e/ou alambrado - NENG";SERVICOS;261101;28/12/2026;01/03/2027;63;"NENG - Núcle Engenharia";"176/2026";"Baixo";1;01/03/2027;Serviço;546;Serviços de instalação;"";"";16675;"Instalação / manutenção - cerca / alambrado / tela";"";1.500.000,0000;1,00000;1.500.000,0000
"53/2027";Aprovada;;"Contratação de Serviços de plantio em várias unidades - Produção Florestal";SERVICOS;261101;01/10/2027;30/11/2027;60;"Produção Florestal";"119/2026";"Médio";1;30/11/2027;Serviço;861;SERVIÇOS RELATIVOS À AGRICULTURA, CAÇA, REFLORESTAMENTO E PESCA;"";"";15148;"PLANTIO DE ÁRVORE";"";47.000.000,0000;1,00000;47.000.000,0000
"54/2027";Aprovada;;"Contratação de serviços de transporte para equipamentos, implementos e maquinários agrícolas - GIS";SERVICOS;261101;14/01/2027;15/03/2027;60;"GIS - Gerência Interior Sul";"245/2026";"Médio";1;15/03/2027;Serviço;643;SERVIÇOS DE TRANSPORTE RODOVIÁRIO;"";"";5142;"TRANSPORTE RODOVIÁRIO - CARGA PESADA OU DIMENSÕES  ESPECIAISATÉ 50T";"";450,0000;150,00000;67.500,0000
"55/2027";Aprovada;;"Contratação de serviços para controle de erosão em área de aproximadamente 0,8 hectares - GIS";SERVICOS;261101;01/03/2027;30/04/2027;60;"GIS - Gerência Interior Sul";"259/2026";"Médio";1;30/04/2027;Serviço;833;Serviços de engenharia;"";"";22225;"Serviço engenharia";"";12,5000;8.000,00000;100.000,0000
"56/2027";Aprovada;;"Construção de edifícios até 80m para apoio ao receptivo de turismo de base comunitária - DPLAN";BENS;261101;02/04/2027;01/06/2027;60;"DPLAN";"221/2026";"Médio";1;01/06/2027;Serviço;545;Tipos Especiais De Serviços De Construção;"";"";;"";"";750.000,0000;1,00000;750.000,0000
"57/2027";Aprovada;;"Transporte e alimentação para escolas públicas em parques estaduais e estações ecológicas - DPLAN";SERVICOS;261101;02/04/2027;01/06/2027;60;"DPLAN";"191/2026";"Médio";1;01/06/2027;Serviço;679;Serviços Auxiliares E Outros Serviços De Transporte Auxiliar;"";"";;"";"";295.200,0000;1,00000;295.200,0000
"58/2027";Aprovada;;"Placas de sinalização e informativas para UCs - DPLAN";SERVICOS;261101;02/04/2027;01/06/2027;60;"DPLAN";"187/2026";"Médio";1;01/06/2027;Serviço;873;Serviços De Instalação(À Exceção Da Construção);"";"";;"";"";838.346,6000;1,00000;838.346,6000
"59/2027";Aprovada;;"Contratação de consultoria em direito imobiliário, registral e georreferenciamento - DPLAN";SERVICOS;261101;02/04/2027;01/06/2027;60;"DPLAN";"18/2026";"Alto";1;01/06/2027;Serviço;979;OUTROS SERVIÇOS DIVERSOS/MISCELÂNEA;"";"";;"";"";250.000,0000;1,00000;250.000,0000
"59/2027";Aprovada;;"Contratação de consultoria em direito imobiliário, registral e georreferenciamento - DPLAN";SERVICOS;261101;02/04/2027;01/06/2027;60;"DPLAN";"197/2026";"Médio";1;01/06/2027;Serviço;979;Outros Serviços Diversos/Miscelânea;"";"";;"";"";90.000,0000;1,00000;90.000,0000
"62/2027";Aprovada;;"Aquisição e instalação de de câmeras de monitoramento - DPRO";BENS;261101;29/12/2026;01/03/2027;62;"DPRO";"209/2026";"Médio";1;01/03/2027;Material;6350;SISTEMAS DIVERSOS DE SINALIZAÇÃO, ALARME E DETECÇÃO PARA  SEGURANÇA;"";"";;"";"";5.700,0000;1,00000;5.700,0000
"62/2027";Aprovada;;"Aquisição e instalação de de câmeras de monitoramento - DPRO";BENS;261101;29/12/2026;01/03/2027;62;"DPRO";"219/2026";"Médio";1;01/03/2027;Material;6350;SISTEMAS DIVERSOS DE SINALIZAÇÃO, ALARME E DETECÇÃO PARA  SEGURANÇA;"";"";;"";"";107.500,0000;1,00000;107.500,0000
"63/2027";Aprovada;;"Aquisição de GPS - DPRO";BENS;261101;02/04/2027;01/06/2027;60;"DPRO";"230/2026";"Médio";1;01/06/2027;Material;7040;Equipamentos De Entrada De Dados;"";"";;"";"";12.236,0000;1,00000;12.236,0000
"67/2027";Aprovada;;"Aquisição de sementes de palmeira-juçara - DBE";BENS;261101;26/01/2027;01/04/2027;65;"DBE";"211/2026";"Médio";1;01/04/2027;Material;8730;SEMENTES E MUDAS DE PLANTAS;"17291";"SEMENTES DE PLANTAS";;"";"";1.500.000,0000;1,00000;1.500.000,0000
"64/2027";Aprovada;;"Plataforma Pantera para monitoramento - DPRO";CONTRATACOES_TIC;261101;30/12/2026;02/03/2027;62;"DPRO";"155/2026";"Alto";1;28/02/2027;Serviço;131;SERVIÇOS DE COMPUTAÇÃO EM NUVEM;"";"";26077;"SOFTWARE COMO SERVICO - SAAS";"";90.000,0000;1,00000;90.000,0000
"68/2027";Aprovada;;"Desenvolvimento de plataforma digital para hub de conexão em bioeconomia - DBE";SERVICOS;261101;24/03/2027;31/05/2027;68;"DBE";"226/2026";"Baixo";1;31/05/2027;Serviço;111;Serviços  De Desenvolvimento E Manutenção De Software;"";"";25917;"Desenvolvimento de Novo Software - Outras Linguagens";"";150.000,0000;1,00000;150.000,0000
"65/2027";Aprovada;;"Locação de aeronave asa rotativa para combate a incêndios florestais - DPRO";SERVICOS;261101;22/12/2026;01/03/2027;69;"DPRO";"258/2026";"Médio";1;01/03/2027;Serviço;731;Serviços de leasing ou aluguel veículos a motor, ferroviárioembarcações, aeronaves, de equipamento de transporte, s/oper;"";"";;"";"";10.000.000,0000;1,00000;10.000.000,0000
"65/2027";Aprovada;;"Locação de aeronave asa rotativa para combate a incêndios florestais - DPRO";SERVICOS;261101;22/12/2026;01/03/2027;69;"DPRO";"260/2026";"Médio";1;01/03/2027;Serviço;731;Serviços de leasing ou aluguel veículos a motor, ferroviárioembarcações, aeronaves, de equipamento de transporte, s/oper;"";"";;"";"";3.120.000,0000;1,00000;3.120.000,0000
"65/2027";Aprovada;;"Locação de aeronave asa rotativa para combate a incêndios florestais - DPRO";SERVICOS;261101;22/12/2026;01/03/2027;69;"DPRO";"261/2026";"Médio";1;01/03/2027;Serviço;732;Serviços de leasing ou aluguel relacionados a outros bens;"";"";;"";"";1.992.000,0000;1,00000;1.992.000,0000
"66/2027";Aprovada;;"Aquisição de câmera 360 graus e óculos de realidade virtual para educação ambiental - DBE";BENS;261101;24/02/2027;30/04/2027;65;"DBE";"247/2026";"Baixo";1;30/04/2027;Material;6720;Câmaras fotográficas;"13849";"Câmera Digital";623531;"alimentação câmera: bateria 5100mah, aplicação: captura de fotos e videos em 360º, características adicionais: lente de 19 mm, slot para cartão de memória, prote, formato de gravação: gravação de video 8 k com 30 fps, resolução: 7.680 x 7.680, sensibilidade: iso 100-6400, terminal conexão saída: wi-fi, usb 2.0, zoom óptico: 2";"UN";5.000,0000;1,00000;5.000,0000
"66/2027";Aprovada;;"Aquisição de câmera 360 graus e óculos de realidade virtual para educação ambiental - DBE";BENS;261101;24/02/2027;30/04/2027;65;"DBE";"247/2026";"Baixo";2;30/04/2027;Material;9999;ITENS DIVERSOS;"";"";;"";"";15.000,0000;1,00000;15.000,0000
"69/2027";Aprovada;;"Locação de containers refrigerados - DBE";SERVICOS;261101;28/06/2027;01/09/2027;65;"DBE";"205/2026";"Médio";1;01/09/2027;Serviço;732;Serviços de leasing ou aluguel relacionados a outros bens;"";"";25640;"Locação conteiner (container)";"";40.000,0000;3,00000;120.000,0000
"78/2027";Aprovada;;"Implantação da infraestrutura de viveiro florestal estratégico em UC sob gestão da FF - DBIO";SERVICOS;261101;25/03/2027;01/06/2027;68;"DBIO";"204/2026";"Médio";1;01/06/2027;Serviço;546;SERVIÇOS DE INSTALAÇÃO;"";"";;"";"";800.000,0000;1,00000;800.000,0000
"70/2027";Aprovada;;"Pagamento por Serviços Ambientais para manejo das ostra exótica e nativa - DBE";SERVICOS;261101;01/03/2027;30/04/2027;60;"DBE";"257/2026";"Médio";1;31/03/2027;Serviço;831;Serviços de consultoria e de gerência/gestão;"";"";;"";"";2.000.000,0000;1,00000;2.000.000,0000
"71/2027";Aprovada;;"Pagamento por Serviços Ambientais para promoção de cadeias produtivas do Cerrado - DBE";SERVICOS;261101;25/01/2027;31/03/2027;65;"DBE";"241/2026";"Médio";1;30/04/2027;Serviço;831;Serviços de consultoria e de gerência/gestão;"";"";;"";"";2.000.000,0000;1,00000;2.000.000,0000
"72/2027";Aprovada;;"Pagamento por Serviços Ambientais no Monumento Natural Mantiqueira Paulista - DBE";SERVICOS;261101;25/01/2027;31/03/2027;65;"DBE";"237/2026";"Médio";1;31/03/2027;Serviço;831;Serviços de consultoria e de gerência/gestão;"";"";;"";"";2.000.000,0000;1,00000;2.000.000,0000
"73/2027";Aprovada;;"Pagamento por Serviços Ambientais para promoção da polinização e meliponicultura - DBE";SERVICOS;261101;25/03/2027;31/05/2027;67;"DBE";"233/2026";"Médio";1;31/05/2027;Serviço;831;Serviços De Consultoria E De Gerência/Gestão;"";"";;"";"";2.000.000,0000;1,00000;2.000.000,0000
"74/2027";Aprovada;;"Contratação de apoio ao planejamento e gerenciamento das iniciativas de bioeconomia - DBE";SERVICOS;261101;25/01/2027;31/03/2027;65;"DBE";"193/2026";"Médio";1;01/06/2027;Serviço;831;Serviços de consultoria e de gerência/gestão;"";"";17620;"Consultoria e assessoria - negócios";"";900.000,0000;1,00000;900.000,0000
"75/2027";Aprovada;;"Unidade itinerante de beneficiamento de polpa de juçara tipo "food-truck" - DBE";SERVICOS;261101;25/01/2027;31/03/2027;65;"DBE";"244/2026";"Médio";1;31/03/2027;Serviço;859;OUTROS SERVIÇOS DE SUPORTE;"";"";;"";"";1.500.000,0000;1,00000;1.500.000,0000
"76/2027";Aprovada;;"Serviço de dispersão de sementes de palmeira-juçara por meio de equipamento de drone - DBE";SERVICOS;261101;24/02/2027;30/04/2027;65;"DBE";"223/2026";"Baixo";1;30/04/2027;Serviço;861;Serviços relativos à agricultura, caça, reflorestamento e pesca;"";"";15954;"Agricultura - preparação / plantio / colheita";"";1.200,0000;600,00000;720.000,0000
"77/2027";Aprovada;;"Serviços de apoio administrativo e financeiro à execução de projetos de bioeconomia - DBE";SERVICOS;261101;27/01/2027;31/03/2027;63;"DBE";"232/2026";"Médio";1;31/03/2027;Serviço;911;Serviços Administrativos Do Governo;"";"";;"";"";1.200.000,0000;1,00000;1.200.000,0000
"79/2027";Aprovada;;"Contratação de serviços para controle e erradicação de exóticas invasoras - DBIO";SERVICOS;261101;03/12/2026;01/02/2027;60;"DBIO";"225/2026";"Médio";1;01/02/2027;Serviço;835;SERVIÇOS CIENTÍFICOS E OUTROS SERVIÇOS TÉCNICOS;"";"";;"";"";8.000.000,0000;1,00000;8.000.000,0000
"80/2027";Aprovada;;"Contratação de serviços operacionais especializados de apoio ao viveiro - DBIO";SERVICOS;261101;27/04/2027;01/07/2027;65;"DBIO";"227/2026";"Médio";1;01/07/2027;Serviço;859;OUTROS SERVIÇOS DE SUPORTE;"";"";;"";"";400.000,0000;1,00000;400.000,0000
"81/2027";Aprovada;;"Capacitação em Restauração Ecológica e Recuperação de Áreas Degradadas - DBIO";SERVICOS;261101;22/01/2027;30/03/2027;67;"DBIO";"200/2026";"Baixo";1;30/03/2027;Serviço;929;OUTROS SERVIÇOS DE EDUCAÇÃO E TREINAMENTO;"";"";21172;"TREINAMENTO QUALIFICAÇÃO PROFISSIONAL";"";16.000,0000;25,00000;400.000,0000
"82/2027";Aprovada;;"Plataforma de Processamento de Fauna e Armadilhas Fotográficas - NTIIA";CONTRATACOES_TIC;261101;28/01/2027;29/03/2027;60;"NTIIA";"289/2026";"Alto";1;29/03/2027;Serviço;131;Serviços De Computação Em Nuvem;"";"";26077;"Software como Servico - Saas";"";80.000,0000;1,00000;80.000,0000
"83/2027";Aprovada;;"Licenças Agisoft Metashape Professional - NTIIA";CONTRATACOES_TIC;261101;27/11/2026;29/01/2027;63;"NTIIA";"273/2026";"Médio";1;31/01/2027;Serviço;131;SERVIÇOS DE COMPUTAÇÃO EM NUVEM;"";"";26077;"SOFTWARE COMO SERVICO - SAAS";"";34.000,0000;5,00000;170.000,0000
"84/2027";Aprovada;;"Licenças ArcGIS - NTIIA";CONTRATACOES_TIC;261101;27/11/2026;29/01/2027;63;"NTIIA";"271/2026";"Médio";1;31/01/2027;Serviço;131;SERVIÇOS DE COMPUTAÇÃO EM NUVEM;"";"";26077;"SOFTWARE COMO SERVICO - SAAS";"";6.000,0000;20,00000;120.000,0000
"85/2027";Aprovada;;"Licenças de IA Generativa e Agentes de IA. - NTIIA";CONTRATACOES_TIC;261101;25/11/2026;29/01/2027;65;"NTIIA";"160/2026";"Médio";1;30/01/2027;Serviço;131;Serviços De Computação Em Nuvem;"";"";26077;"Software como Servico - Saas";"";2.000,0000;50,00000;100.000,0000
"86/2027";Aprovada;;"Licenças da plataforma IA para criação de apresentações, relatórios e conteúdos visuais - NTIIA";CONTRATACOES_TIC;261101;04/03/2027;11/05/2027;68;"NTIIA";"159/2026";"Médio";1;11/05/2027;Serviço;131;Serviços De Computação Em Nuvem;"";"";26077;"Software como Servico - Saas";"";1.200,0000;20,00000;24.000,0000
"88/2027";Aprovada;;"Serviço de conectividade via satélite para atendimento das unidades da FF - NTIIA";CONTRATACOES_TIC;261101;20/01/2027;26/03/2027;65;"NTIIA";"148/2026";"Alto";1;28/03/2027;Serviço;142;Serviços De Comunicação De Dados;"";"";26565;"Assinatura do Serviço de Link Via Satélite";"";10.000,0000;30,00000;300.000,0000
"89/2027";Aprovada;;"Serviço de almoxarifado virtual para gestão logística e fornecimento contínuo de materiais - NTIIA";CONTRATACOES_TIC;261101;24/02/2027;30/04/2027;65;"NTIIA";"157/2026";"Médio";1;30/04/2027;Serviço;672;Serviços De Armazenagem;"";"";27685;"Serviço de Almoxarifado  Virtual de Material de Consumo e Gerenciamento de Meios Logísticos";"";1.200.000,0000;1,00000;1.200.000,0000
"90/2027";Aprovada;;"Curso de pilotagem profissional de aeronaves remotamente pilotadas - NTIIA";CONTRATACOES_TIC;261101;20/01/2027;29/03/2027;68;"NTIIA";"177/2026";"Médio";1;29/03/2027;Serviço;929;Outros serviços de educação e treinamento;"";"";21172;"Treinamento qualificação profissional";"";2.000,0000;20,00000;40.000,0000
"91/2027";Aprovada;;"Insumos Agrícolas para Restauração Ecológica, Produção de Mudas e Manejo Ambiental - FF";BENS;261101;22/01/2027;31/03/2027;68;"Fundação Florestal";"249/2026";"Médio";1;31/03/2027;Material;8720;Fertilizantes;"";"";;"";"";300.000,0000;1,00000;300.000,0000
"91/2027";Aprovada;;"Insumos Agrícolas para Restauração Ecológica, Produção de Mudas e Manejo Ambiental - FF";BENS;261101;22/01/2027;31/03/2027;68;"Fundação Florestal";"249/2026";"Médio";2;31/03/2027;Material;6840;Pesticidas e desinfetantes;"";"";;"";"";400.000,0000;1,00000;400.000,0000
"92/2027";Aprovada;;"Mobiliário para Escritórios, Alojamentos e Áreas de Uso Comum - FF";BENS;261101;20/01/2027;30/03/2027;69;"Fundação Florestal";"239/2026";"Médio";1;30/03/2027;Material;7110;Mobiliário Para Escritório;"";"";;"";"";1.133.000,0000;1,00000;1.133.000,0000
"92/2027";Aprovada;;"Mobiliário para Escritórios, Alojamentos e Áreas de Uso Comum - FF";BENS;261101;20/01/2027;30/03/2027;69;"Fundação Florestal";"239/2026";"Médio";2;30/03/2027;Material;7105;Mobiliário doméstico;"";"";;"";"";800.000,0000;1,00000;800.000,0000
"93/2027";Aprovada;;"Prestação de serviços de produção e impressão de materiais gráficos (Serviços Gráficos) FF";BENS;261101;22/12/2026;25/02/2027;65;"Fundação Florestal";"264/2026";"Baixo";1;27/02/2027;Material;8040;Adesivos;"";"";;"";"";300,0000;1,00000;300,0000
"93/2027";Aprovada;;"Prestação de serviços de produção e impressão de materiais gráficos (Serviços Gráficos) FF";BENS;261101;22/12/2026;25/02/2027;65;"Fundação Florestal";"264/2026";"Baixo";2;27/02/2027;Material;8105;Sacos e bolsas;"";"";;"";"";5.000,0000;1,00000;5.000,0000
"93/2027";Aprovada;;"Prestação de serviços de produção e impressão de materiais gráficos (Serviços Gráficos) FF";BENS;261101;22/12/2026;25/02/2027;65;"Fundação Florestal";"264/2026";"Baixo";3;27/02/2027;Material;7690;IMPRESSOS DIVERSOS;"";"";;"";"";43.950,0000;1,00000;43.950,0000
"93/2027";Aprovada;;"Prestação de serviços de produção e impressão de materiais gráficos (Serviços Gráficos) FF";BENS;261101;22/12/2026;25/02/2027;65;"Fundação Florestal";"264/2026";"Baixo";4;27/02/2027;Material;7690;IMPRESSOS DIVERSOS;"";"";;"";"";21.295,0200;1,00000;21.295,0200
"93/2027";Aprovada;;"Prestação de serviços de produção e impressão de materiais gráficos (Serviços Gráficos) FF";BENS;261101;22/12/2026;25/02/2027;65;"Fundação Florestal";"264/2026";"Baixo";5;27/02/2027;Material;7540;Formulários padronizados;"";"";;"";"";14.930,0000;1,00000;14.930,0000
"93/2027";Aprovada;;"Prestação de serviços de produção e impressão de materiais gráficos (Serviços Gráficos) FF";BENS;261101;22/12/2026;25/02/2027;65;"Fundação Florestal";"264/2026";"Baixo";6;27/02/2027;Material;7510;Artigos para escritório;"";"";;"";"";5.005,0000;1,00000;5.005,0000
"93/2027";Aprovada;;"Prestação de serviços de produção e impressão de materiais gráficos (Serviços Gráficos) FF";BENS;261101;22/12/2026;25/02/2027;65;"Fundação Florestal";"264/2026";"Baixo";7;27/02/2027;Material;9905;Cartazes, mostruários e placas de identificação;"";"";;"";"";62.000,0000;1,00000;62.000,0000
"93/2027";Aprovada;;"Prestação de serviços de produção e impressão de materiais gráficos (Serviços Gráficos) FF";BENS;261101;22/12/2026;25/02/2027;65;"Fundação Florestal";"264/2026";"Baixo";8;27/02/2027;Material;7690;Impressos diversos;"";"";;"";"";18.020,0000;1,00000;18.020,0000
"93/2027";Aprovada;;"Prestação de serviços de produção e impressão de materiais gráficos (Serviços Gráficos) FF";BENS;261101;22/12/2026;25/02/2027;65;"Fundação Florestal";"264/2026";"Baixo";9;27/02/2027;Material;7610;Livros e folhetos;"";"";;"";"";250.000,0000;1,00000;250.000,0000
"93/2027";Aprovada;;"Prestação de serviços de produção e impressão de materiais gráficos (Serviços Gráficos) FF";BENS;261101;22/12/2026;25/02/2027;65;"Fundação Florestal";"264/2026";"Baixo";10;27/02/2027;Material;7610;Livros e folhetos;"";"";;"";"";7.000,0000;1,00000;7.000,0000
"93/2027";Aprovada;;"Prestação de serviços de produção e impressão de materiais gráficos (Serviços Gráficos) FF";BENS;261101;22/12/2026;25/02/2027;65;"Fundação Florestal";"264/2026";"Baixo";11;27/02/2027;Material;7350;Louça E Artigos De Mesa;"";"";;"";"";270.000,0000;1,00000;270.000,0000
"94/2027";Aprovada;;"Disponibilização de Licença para Uso de Software - AEC Collection - FF";CONTRATACOES_TIC;261101;26/11/2026;02/02/2027;68;"Fundação Florestal";"136/2026";"Médio";1;30/01/2027;Serviço;182;SERVIÇOS DE  LICENCIAMENTO E  CONTRATOS DE TRANSFERÊNCIA DE TECNOLOGIA;"";"";27502;"CESSÃO TEMPORÁRIA DE DIREITOS SOBRE PROGRAMAS DE COMPUTADOR LOCAÇÃO DE SOFTWARE";"";18.000,0000;5,00000;90.000,0000
"95/2027";Aprovada;;"Licenciamento e Regularização de Motosserras - FF";SERVICOS;261101;22/12/2026;25/02/2027;65;"Fundação Florestal";"189/2026";"Médio";1;28/02/2027;Serviço;839;Outros serviços de negócios, técnicos e profissionais;"";"";25470;"Serviço de vistoria / validação / certificação";"";82,0000;50,00000;4.100,0000
"97/2027";Aprovada;;"Capacitação em Uso Seguro de Motosserra - FF";SERVICOS;261101;21/01/2027;30/03/2027;68;"Fundação Florestal";"186/2026";"Médio";1;30/03/2027;Serviço;929;Outros serviços de educação e treinamento;"";"";21172;"Treinamento qualificação profissional";"";1.200,0000;50,00000;60.000,0000
"98/2027";Aprovada;;"Capacitação em geoprocessamento, fotogrametria digital e análise espacial ArcGIS Pro e Agisoft Metas";SERVICOS;261101;24/02/2027;30/04/2027;65;"Fundação Florestal";"185/2026";"Médio";1;30/04/2027;Serviço;929;OUTROS SERVIÇOS DE EDUCAÇÃO E TREINAMENTO;"";"";21172;"TREINAMENTO QUALIFICAÇÃO PROFISSIONAL";"";3.000,0000;50,00000;150.000,0000
"112/2027";Aprovada;;"Serviços de sistemas de instalação de sinalização de embarção na praia do Arpoador - GLS";SERVICOS;261101;23/03/2027;27/05/2027;65;"GLS - Gerência Litoral Sul";"283/2026";"Médio";1;30/05/2027;Serviço;859;Outros serviços de suporte;"";"";21032;"Prestação de serviços de operação sistema /  equipamentos  /máquinas";"";15.000,0000;1,00000;15.000,0000
"99/2027";Aprovada;;"Aquisição de material de papelaria e escritório para atender a FF";BENS;261101;21/01/2027;31/03/2027;69;"GA - Gerência Administrativa";"140/2026";"Baixo";1;31/03/2027;Material;7510;Artigos Para Escritório;"196";"Caderno";;"";"";1.000,0000;1,00000;1.000,0000
"99/2027";Aprovada;;"Aquisição de material de papelaria e escritório para atender a FF";BENS;261101;21/01/2027;31/03/2027;69;"GA - Gerência Administrativa";"140/2026";"Baixo";2;31/03/2027;Material;7510;Artigos Para Escritório;"158";"Bloco Pautado";626138;"comprimento: 210, cor: branca, gramatura: 75, largura: 148, material: celulose vegetal, quantidade folhas: 50";"UN";50,0000;200,00000;10.000,0000
"99/2027";Aprovada;;"Aquisição de material de papelaria e escritório para atender a FF";BENS;261101;21/01/2027;31/03/2027;69;"GA - Gerência Administrativa";"140/2026";"Baixo";3;31/03/2027;Material;5130;Ferramentas manuais acionadas por força motriz;"8135";"Guilhotina";323693;"abertura corte: 820, altura corte: 60, características adicionais: computadorizada, dimensões: 1.800 x 1.900, funcionamento: automático, material lâmina: aço, potência motor: 7,5, tensão alimentação: 220, tipo: hidráulica";"UN";20,0000;20,00000;400,0000
"99/2027";Aprovada;;"Aquisição de material de papelaria e escritório para atender a FF";BENS;261101;21/01/2027;31/03/2027;69;"GA - Gerência Administrativa";"140/2026";"Baixo";4;31/03/2027;Material;7520;Acessórios e dispositivos para escritório;"14366";"Lombada Encadernadora";301197;"aplicação: reprografia, cor: preta, referência encadernadora: xerox 5690";"UN";200,0000;10,00000;2.000,0000
"99/2027";Aprovada;;"Aquisição de material de papelaria e escritório para atender a FF";BENS;261101;21/01/2027;31/03/2027;69;"GA - Gerência Administrativa";"140/2026";"Baixo";5;31/03/2027;Material;6675;Instrumentos de desenho, topografia e cartografia;"1226";"Prancheta Desenho";219545;"acabamento estrutura: pintura tinta eletrostática epoxi pó híbrida, acabamento tampo: bordas madeira maciça envernizada, características adicionais: fixação estrutura parafuso auto-atarrachante, espessura tampo: 15, estrutura: tubo aço industrial, inclinação tampo: 820/720, material tampo: melamínico, tratamento superficial: anti-ferruginoso fosfatizante";"UN";50,0000;500,00000;25.000,0000
"99/2027";Aprovada;;"Aquisição de material de papelaria e escritório para atender a FF";BENS;261101;21/01/2027;31/03/2027;69;"GA - Gerência Administrativa";"140/2026";"Baixo";6;31/03/2027;Material;7510;ARTIGOS PARA ESCRITÓRIO;"7586";"FITA";622004;"APLICAÇÃO: RESTAURAÇÃO LIVROS, COMPRIMENTO: 45,72, COR: BRANCA, LARGURA: 2,5, MATERIAL: POLIETILENO, TIPO: TYVEK";"UN";2,0000;1.000,00000;2.000,0000
"99/2027";Aprovada;;"Aquisição de material de papelaria e escritório para atender a FF";BENS;261101;21/01/2027;31/03/2027;69;"GA - Gerência Administrativa";"140/2026";"Baixo";7;31/03/2027;Material;9330;Artigos De Plástico;"4149";"Caixa Plástica";637575;"altura: 7, aplicação: organizador de materiais, capacidade: 5, características adicionais: com gaveteiro, comprimento: 17, cor: preta, largura: 10, material: polipropileno, modelo: 3, tipo: bin";"UN";10,0000;500,00000;5.000,0000
"99/2027";Aprovada;;"Aquisição de material de papelaria e escritório para atender a FF";BENS;261101;21/01/2027;31/03/2027;69;"GA - Gerência Administrativa";"140/2026";"Baixo";8;31/03/2027;Material;8105;Sacos E Bolsas;"6589";"Envelope Plástico";638072;"altura: 422, aplicação: guarda de vestígios, características adicionais: reutilizável com fechamento por fecho de segurança, espessura: 100, espessura envelope: 0,130, largura: 1.310, tipo plástico: polietileno, transmitância: transparente";"UN";1,0000;500,00000;500,0000
"99/2027";Aprovada;;"Aquisição de material de papelaria e escritório para atender a FF";BENS;261101;21/01/2027;31/03/2027;69;"GA - Gerência Administrativa";"140/2026";"Baixo";9;31/03/2027;Material;7110;MOBILIÁRIO PARA ESCRITÓRIO;"1454";"QUADRO BRANCO";631337;"ACABAMENTO SUPERFICIAL MOLDURA: ALUMÍNIO, CARACTERÍSTICAS ADICIONAIS: SUPORTE PARA APAGADOR, COMPRIMENTO: 350, LARGURA: 120, MATERIAL: FÓRMICA BRANCA, MATERIAL MOLDURA: ALUMÍNIO, TIPO FIXAÇÃO: PAREDE";"UN";20,0000;300,00000;6.000,0000
"99/2027";Aprovada;;"Aquisição de material de papelaria e escritório para atender a FF";BENS;261101;21/01/2027;31/03/2027;69;"GA - Gerência Administrativa";"140/2026";"Baixo";10;31/03/2027;Material;9330;Artigos de plástico;"10893";"Plástico";621054;"aplicação: artesanato, características adicionais: com película de proteção em seda, comprimento: 50, espessura: 0,15, largura: 1,40, material: plástico transparente";"M";1,0000;1.000,00000;1.000,0000
"99/2027";Aprovada;;"Aquisição de material de papelaria e escritório para atender a FF";BENS;261101;21/01/2027;31/03/2027;69;"GA - Gerência Administrativa";"140/2026";"Baixo";11;31/03/2027;Material;7510;Artigos Para Escritório;"18078";"Caneta Hidrográfica";625588;"aplicação: retroprojetor, características adicionais: ponta dupla; 1 mm e 0,1mm; tinta permanente, cor carga: vermelha, espessura escrita: fina, material: plástico, material ponta: poliacetato";"CX";5,0000;100,00000;500,0000
"99/2027";Aprovada;;"Aquisição de material de papelaria e escritório para atender a FF";BENS;261101;21/01/2027;31/03/2027;69;"GA - Gerência Administrativa";"140/2026";"Baixo";12;31/03/2027;Material;7510;Artigos Para Escritório;"18078";"Caneta Hidrográfica";606250;"características adicionais: caneta marcador:, cor carga: branco, espessura escrita: grossa, material: plástico, material ponta: feltro";"CX";2,0000;100,00000;200,0000
"99/2027";Aprovada;;"Aquisição de material de papelaria e escritório para atender a FF";BENS;261101;21/01/2027;31/03/2027;69;"GA - Gerência Administrativa";"140/2026";"Baixo";13;31/03/2027;Material;7510;Artigos Para Escritório;"18078";"Caneta Hidrográfica";474390;"cor carga: variada, espessura escrita: fina, material: resina termoplástica, material ponta: poliéster";"CX";5,0000;200,00000;1.000,0000
"99/2027";Aprovada;;"Aquisição de material de papelaria e escritório para atender a FF";BENS;261101;21/01/2027;31/03/2027;69;"GA - Gerência Administrativa";"140/2026";"Baixo";14;31/03/2027;Material;7510;ARTIGOS PARA ESCRITÓRIO;"18078";"CANETA HIDROGRÁFICA";441320;"APLICAÇÃO: TECIDO, COR CARGA: VARIADA, ESPESSURA ESCRITA: GROSSA, MATERIAL: PLÁSTICO, MATERIAL PONTA: POLIÉSTER";"CX";5,0000;100,00000;500,0000
"99/2027";Aprovada;;"Aquisição de material de papelaria e escritório para atender a FF";BENS;261101;21/01/2027;31/03/2027;69;"GA - Gerência Administrativa";"140/2026";"Baixo";15;31/03/2027;Material;7510;ARTIGOS PARA ESCRITÓRIO;"18078";"CANETA HIDROGRÁFICA";410606;"APLICAÇÃO: USO GERAL, CARACTERÍSTICAS ADICIONAIS: CORPO CILÍNDRICO/A BASE D'ÁGUA/PONTA 0,4 MM, COR CARGA: VERMELHA, ESPESSURA ESCRITA: FINA, MATERIAL: PLÁSTICO, MATERIAL PONTA: POLIÉSTER";"CX";10,0000;50,00000;500,0000
"99/2027";Aprovada;;"Aquisição de material de papelaria e escritório para atender a FF";BENS;261101;21/01/2027;31/03/2027;69;"GA - Gerência Administrativa";"140/2026";"Baixo";16;31/03/2027;Material;7510;Artigos Para Escritório;"18768";"Lápis";429516;"aplicação: desenho artístico, cor: preta, material: carvao fusains, tipo: atóxico";"CX";10,0000;100,00000;1.000,0000
"99/2027";Aprovada;;"Aquisição de material de papelaria e escritório para atender a FF";BENS;261101;21/01/2027;31/03/2027;69;"GA - Gerência Administrativa";"140/2026";"Baixo";17;31/03/2027;Material;7510;Artigos Para Escritório;"18768";"Lápis";392212;"cor: preta, dureza carga: hb2, material: resina, tipo: atóxico";"CX";5,0000;200,00000;1.000,0000
"99/2027";Aprovada;;"Aquisição de material de papelaria e escritório para atender a FF";BENS;261101;21/01/2027;31/03/2027;69;"GA - Gerência Administrativa";"140/2026";"Baixo";18;31/03/2027;Material;7510;Artigos para escritório;"1538";"Alfinete Costura";630805;"material cabeça: plástico, tamanho: 38 mm, tratamento superficial corpo: aço niquelado";"CX";5,0000;50,00000;250,0000
"99/2027";Aprovada;;"Aquisição de material de papelaria e escritório para atender a FF";BENS;261101;21/01/2027;31/03/2027;69;"GA - Gerência Administrativa";"140/2026";"Baixo";19;31/03/2027;Material;7830;Equipamento Para Ginástica E Recreação;"1199";"Apito";485834;"aplicação: esporte, características adicionais: sinalizador de emergência de alto volume, material: plástico, tamanho: médio";"UN";10,0000;200,00000;2.000,0000
"99/2027";Aprovada;;"Aquisição de material de papelaria e escritório para atender a FF";BENS;261101;21/01/2027;31/03/2027;69;"GA - Gerência Administrativa";"140/2026";"Baixo";20;31/03/2027;Material;8040;Adesivos;"13894";"Cola";637844;"aplicação: pistola quente, características adicionais: com 8 mm de diâmetro e 30 cm de comprimento, composição: silicone, cor: incolor, tipo: bastão";"UN";5,0000;200,00000;1.000,0000
"99/2027";Aprovada;;"Aquisição de material de papelaria e escritório para atender a FF";BENS;261101;21/01/2027;31/03/2027;69;"GA - Gerência Administrativa";"140/2026";"Baixo";21;31/03/2027;Material;8040;Adesivos;"13894";"Cola";636884;"aplicação: plástico, acrílico, pvc, madeira, couro, borracha,, apresentação: embalagem 17g, características adicionais: isento de toluol, composição: acetato de polivinila, álcool e acetonas, cor: incolor, tipo: cola universal";"UN";10,0000;200,00000;2.000,0000
"99/2027";Aprovada;;"Aquisição de material de papelaria e escritório para atender a FF";BENS;261101;21/01/2027;31/03/2027;69;"GA - Gerência Administrativa";"140/2026";"Baixo";22;31/03/2027;Material;7510;Artigos Para Escritório;"14858";"Bobina Papel Impressora";633329;"aplicação: impressora mettler toledo lc-p45, comprimento: 20, cor: branca, gramatura: 73, largura: 57, tipo papel: termosensível";"UN";10,0000;200,00000;2.000,0000
"99/2027";Aprovada;;"Aquisição de material de papelaria e escritório para atender a FF";BENS;261101;21/01/2027;31/03/2027;69;"GA - Gerência Administrativa";"140/2026";"Baixo";23;31/03/2027;Material;8040;Adesivos;"10792";"Pistola Aplicadora";;"";"";1.000,0000;1,00000;1.000,0000
"99/2027";Aprovada;;"Aquisição de material de papelaria e escritório para atender a FF";BENS;261101;21/01/2027;31/03/2027;69;"GA - Gerência Administrativa";"140/2026";"Baixo";24;31/03/2027;Material;9999;Itens diversos;"7990";"Gesso";604867;"aplicação: construção civil, aspecto físico: pó, cor: branco, origem: mineral, tipo: gesso cola";"UN";5,0000;100,00000;500,0000
"99/2027";Aprovada;;"Aquisição de material de papelaria e escritório para atender a FF";BENS;261101;21/01/2027;31/03/2027;69;"GA - Gerência Administrativa";"140/2026";"Baixo";25;31/03/2027;Material;3730;Equipamento De Laticínios, Avicultura E Pecuária;"3442";"Tesoura";624252;"aplicação: multiuso, comprimento: 275, material: lâmina de aço, tamanho: 105";"UN";10,0000;50,00000;500,0000
"99/2027";Aprovada;;"Aquisição de material de papelaria e escritório para atender a FF";BENS;261101;21/01/2027;31/03/2027;69;"GA - Gerência Administrativa";"140/2026";"Baixo";26;31/03/2027;Material;7510;Artigos Para Escritório;"13817";"Elástico Processo";458596;"aplicação: unir processos, características adicionais: personalizado, conforme modelo, comprimento: 40, cor: azul marinho, largura: 4, material: 70% poliéster + 30% latéx";"UN";1,0000;1.000,00000;1.000,0000
"99/2027";Aprovada;;"Aquisição de material de papelaria e escritório para atender a FF";BENS;261101;21/01/2027;31/03/2027;69;"GA - Gerência Administrativa";"140/2026";"Baixo";27;31/03/2027;Material;9310;Papéis e papelões;"14858";"Bobina Papel Impressora";633329;"aplicação: impressora mettler toledo lc-p45, comprimento: 20, cor: branca, gramatura: 73, largura: 57, tipo papel: termosensível";"UN";5,0000;50,00000;250,0000
"99/2027";Aprovada;;"Aquisição de material de papelaria e escritório para atender a FF";BENS;261101;21/01/2027;31/03/2027;69;"GA - Gerência Administrativa";"140/2026";"Baixo";28;31/03/2027;Material;7510;Artigos Para Escritório;"";"";;"";"";10.000,0000;1,00000;10.000,0000
"99/2027";Aprovada;;"Aquisição de material de papelaria e escritório para atender a FF";BENS;261101;21/01/2027;31/03/2027;69;"GA - Gerência Administrativa";"140/2026";"Baixo";29;31/03/2027;Material;9310;Papéis E Papelões;"172";"Cartolina";422351;"comprimento: 650, cor: branca, gramatura: 180, largura: 600, material: celulose vegetal";"UN";1,0000;1.000,00000;1.000,0000
"99/2027";Aprovada;;"Aquisição de material de papelaria e escritório para atender a FF";BENS;261101;21/01/2027;31/03/2027;69;"GA - Gerência Administrativa";"140/2026";"Baixo";30;31/03/2027;Material;9999;Itens diversos;"10733";"Pincel";638353;"material cabo: madeira, tamanho: 38, tipo cerdas: crina";"UN";5,0000;200,00000;1.000,0000
"99/2027";Aprovada;;"Aquisição de material de papelaria e escritório para atender a FF";BENS;261101;21/01/2027;31/03/2027;69;"GA - Gerência Administrativa";"140/2026";"Baixo";31;31/03/2027;Material;7510;Artigos Para Escritório;"19705";"Envelope";634799;"cor: natural, gramatura: 80, material: kraft, modelo: saco comum, tamanho (c x l): 240 x 340";"UN";1,0000;5.000,00000;5.000,0000
"99/2027";Aprovada;;"Aquisição de material de papelaria e escritório para atender a FF";BENS;261101;21/01/2027;31/03/2027;69;"GA - Gerência Administrativa";"140/2026";"Baixo";32;31/03/2027;Material;9999;Itens Diversos;"159";"Cartão";600900;"apresentação: cor: azul, amarelo, marrom, verde, preto e branco, características adicionais: impressão frente e verso ajustado a dobradura, comprimento: 43, gramatura: 180, largura: 12, material: papel cartolina, tipo: cartao de vacina da criança indigena";"UN";5,0000;1.000,00000;5.000,0000
"99/2027";Aprovada;;"Aquisição de material de papelaria e escritório para atender a FF";BENS;261101;21/01/2027;31/03/2027;69;"GA - Gerência Administrativa";"140/2026";"Baixo";33;31/03/2027;Material;7510;Artigos Para Escritório;"18078";"Caneta Hidrográfica";485370;"características adicionais: caixa 24 cores lavavel., cor carga: variada, espessura escrita: grossa, material: plástico, material ponta: feltro";"UN";5,0000;100,00000;500,0000
"99/2027";Aprovada;;"Aquisição de material de papelaria e escritório para atender a FF";BENS;261101;21/01/2027;31/03/2027;69;"GA - Gerência Administrativa";"140/2026";"Baixo";34;31/03/2027;Material;4020;Cabos de fibra, cordoalhas e barbantes;"3324";"Barbante";463462;"características adicionais: fibra natural, cor: natural, diâmetro: nº 2, material: rami";"UN";10,0000;100,00000;1.000,0000
"99/2027";Aprovada;;"Aquisição de material de papelaria e escritório para atender a FF";BENS;261101;21/01/2027;31/03/2027;69;"GA - Gerência Administrativa";"140/2026";"Baixo";35;31/03/2027;Material;5325;Dispositivos Para Fixação;"578";"Abraçadeira";638499;"comprimento total: 53, cor: branca, diâmetro amarração: 147, largura: 7,6, material: náilon, tipo: sem ranhuras";"UN";3,0000;1.000,00000;3.000,0000
"99/2027";Aprovada;;"Aquisição de material de papelaria e escritório para atender a FF";BENS;261101;21/01/2027;31/03/2027;69;"GA - Gerência Administrativa";"140/2026";"Baixo";36;31/03/2027;Material;8040;Adesivos;"10792";"Pistola Aplicadora";637842;"aplicação: colagem, características adicionais: compatível com bastão de silicone de 8mm, material: poliamida/fibra de vidro, potência: 20, temperatura trabalho: 170 +-10, tensão alimentação: 110/220, tipo: pistola cola quente";"UN";5,0000;100,00000;500,0000
"99/2027";Aprovada;;"Aquisição de material de papelaria e escritório para atender a FF";BENS;261101;21/01/2027;31/03/2027;69;"GA - Gerência Administrativa";"140/2026";"Baixo";37;31/03/2027;Material;9390;Produtos Diversos Não Metálicos;"8505";"Folha Isopor";630811;"características adicionais: confome modelo, comprimento: 120 x 140 x 10";"UN";2,0000;500,00000;1.000,0000
"99/2027";Aprovada;;"Aquisição de material de papelaria e escritório para atender a FF";BENS;261101;21/01/2027;31/03/2027;69;"GA - Gerência Administrativa";"140/2026";"Baixo";38;31/03/2027;Material;7520;Acessórios e dispositivos para escritório;"1483";"Feltro";483282;"comprimento: 25, espessura: 2, largura: 15, material: feltro";"UN";2,0000;500,00000;1.000,0000
"99/2027";Aprovada;;"Aquisição de material de papelaria e escritório para atender a FF";BENS;261101;21/01/2027;31/03/2027;69;"GA - Gerência Administrativa";"140/2026";"Baixo";39;31/03/2027;Material;7820;Jogos, Brinquedos E Artigos Correlatos Com Rodas;"9423";"Massa Modelar";637997;"apresentação: pacote com 10 unidades, características opcionais: atóxica, composição básica: borracha e.v.a. (etileno acetato de vinila), cor: variada, quantidade cores: 10, uso: pedagógico";"UN";5,0000;100,00000;500,0000
"99/2027";Aprovada;;"Aquisição de material de papelaria e escritório para atender a FF";BENS;261101;21/01/2027;31/03/2027;69;"GA - Gerência Administrativa";"140/2026";"Baixo";40;31/03/2027;Material;7830;Equipamento Para Ginástica E Recreação;"18452";"Tatame";630090;"características adicionais: película texturizada e siliconada, comprimento placa: 100, cor: variada, espessura placa: 10, largura placa: 100, material: e.v.a.";"UN";10,0000;500,00000;5.000,0000
"99/2027";Aprovada;;"Aquisição de material de papelaria e escritório para atender a FF";BENS;261101;21/01/2027;31/03/2027;69;"GA - Gerência Administrativa";"140/2026";"Baixo";41;31/03/2027;Material;8105;Sacos E Bolsas;"1186";"Saco Impermeável";219796;"capacidade: 10, características adicionais: costuras seladas fita térmica, cor: vermelha, material: náilon";"UN";10,0000;100,00000;1.000,0000
"99/2027";Aprovada;;"Aquisição de material de papelaria e escritório para atender a FF";BENS;261101;21/01/2027;31/03/2027;69;"GA - Gerência Administrativa";"145/2026";"Baixo";1;01/09/2027;Material;7510;ARTIGOS PARA ESCRITÓRIO;"";"";;"";"";50.000,0000;1,00000;50.000,0000
"105/2027";Aprovada;;"Aquisição de materiais de limpeza e higiene para FF";BENS;261101;25/03/2027;01/06/2027;68;"Fundação Florestal";"147/2026";"Baixo";1;01/06/2027;Material;8105;Sacos e bolsas;"11903";"Saco plástico lixo";;"";"";5.000,0000;1,00000;5.000,0000
"105/2027";Aprovada;;"Aquisição de materiais de limpeza e higiene para FF";BENS;261101;25/03/2027;01/06/2027;68;"Fundação Florestal";"147/2026";"Baixo";2;01/06/2027;Material;8415;Vestuário Para Fins Especiais;"419";"Luva De Proteção";;"";"";10.000,0000;1,00000;10.000,0000
"105/2027";Aprovada;;"Aquisição de materiais de limpeza e higiene para FF";BENS;261101;25/03/2027;01/06/2027;68;"Fundação Florestal";"147/2026";"Baixo";3;01/06/2027;Material;7930;Compostos E Preparados Para Limpeza E Polimento;"";"";;"";"";10.000,0000;1,00000;10.000,0000
"105/2027";Aprovada;;"Aquisição de materiais de limpeza e higiene para FF";BENS;261101;25/03/2027;01/06/2027;68;"Fundação Florestal";"147/2026";"Baixo";4;01/06/2027;Material;7930;Compostos E Preparados Para Limpeza E Polimento;"";"";;"";"";2.000,0000;1,00000;2.000,0000
"105/2027";Aprovada;;"Aquisição de materiais de limpeza e higiene para FF";BENS;261101;25/03/2027;01/06/2027;68;"Fundação Florestal";"147/2026";"Baixo";5;01/06/2027;Material;8540;ARTIGOS DE PAPEL PARA HIGIENE;"";"";;"";"";50.000,0000;1,00000;50.000,0000
"105/2027";Aprovada;;"Aquisição de materiais de limpeza e higiene para FF";BENS;261101;25/03/2027;01/06/2027;68;"Fundação Florestal";"147/2026";"Baixo";6;01/06/2027;Material;7920;Vassouras, Escovas, Rodos, Esponjas E Esfregões;"";"";;"";"";2.000,0000;1,00000;2.000,0000
"105/2027";Aprovada;;"Aquisição de materiais de limpeza e higiene para FF";BENS;261101;25/03/2027;01/06/2027;68;"Fundação Florestal";"147/2026";"Baixo";7;01/06/2027;Material;7930;COMPOSTOS E PREPARADOS PARA LIMPEZA E POLIMENTO;"";"";;"";"";10.000,0000;1,00000;10.000,0000
"105/2027";Aprovada;;"Aquisição de materiais de limpeza e higiene para FF";BENS;261101;25/03/2027;01/06/2027;68;"Fundação Florestal";"147/2026";"Baixo";8;01/06/2027;Material;7920;VASSOURAS, ESCOVAS, RODOS, ESPONJAS E ESFREGÕES;"";"";;"";"";2.000,0000;1,00000;2.000,0000
"103/2027";Aprovada;;"Aquisição de gêneros alimentícios diversos para FF";BENS;261101;20/01/2027;30/03/2027;69;"Fundação Florestal";"150/2026";"Baixo";1;01/04/2027;Material;8920;Produtos De Panificação E Cereais;"";"";;"";"";1.000,0000;1,00000;1.000,0000
"103/2027";Aprovada;;"Aquisição de gêneros alimentícios diversos para FF";BENS;261101;20/01/2027;30/03/2027;69;"Fundação Florestal";"150/2026";"Baixo";2;01/04/2027;Material;8915;Frutas, Verduras E Legumes;"";"";;"";"";5.000,0000;1,00000;5.000,0000
"103/2027";Aprovada;;"Aquisição de gêneros alimentícios diversos para FF";BENS;261101;20/01/2027;30/03/2027;69;"Fundação Florestal";"150/2026";"Baixo";3;01/04/2027;Material;8925;Açúcar, Confeitos, Castanhas, Nozes E Similares;"";"";;"";"";2.000,0000;1,00000;2.000,0000
"103/2027";Aprovada;;"Aquisição de gêneros alimentícios diversos para FF";BENS;261101;20/01/2027;30/03/2027;69;"Fundação Florestal";"150/2026";"Baixo";4;01/04/2027;Material;8910;Ovos E Laticínios;"";"";;"";"";2.000,0000;1,00000;2.000,0000
"103/2027";Aprovada;;"Aquisição de gêneros alimentícios diversos para FF";BENS;261101;20/01/2027;30/03/2027;69;"Fundação Florestal";"150/2026";"Baixo";5;01/04/2027;Material;6810;Produtos Químicos;"18178";"Óleo Vegetal";;"";"";1.000,0000;1,00000;1.000,0000
"103/2027";Aprovada;;"Aquisição de gêneros alimentícios diversos para FF";BENS;261101;20/01/2027;30/03/2027;69;"Fundação Florestal";"150/2026";"Baixo";6;01/04/2027;Material;8950;Condimentos E Produtos Correlatos;"";"";;"";"";500,0000;1,00000;500,0000
"103/2027";Aprovada;;"Aquisição de gêneros alimentícios diversos para FF";BENS;261101;20/01/2027;30/03/2027;69;"Fundação Florestal";"150/2026";"Baixo";7;01/04/2027;Material;8950;Condimentos E Produtos Correlatos;"";"";;"";"";500,0000;1,00000;500,0000
"103/2027";Aprovada;;"Aquisição de gêneros alimentícios diversos para FF";BENS;261101;20/01/2027;30/03/2027;69;"Fundação Florestal";"150/2026";"Baixo";8;01/04/2027;Material;8950;Condimentos E Produtos Correlatos;"";"";;"";"";2.000,0000;1,00000;2.000,0000
"103/2027";Aprovada;;"Aquisição de gêneros alimentícios diversos para FF";BENS;261101;20/01/2027;30/03/2027;69;"Fundação Florestal";"150/2026";"Baixo";9;01/04/2027;Material;8910;Ovos E Laticínios;"";"";;"";"";2.000,0000;1,00000;2.000,0000
"103/2027";Aprovada;;"Aquisição de gêneros alimentícios diversos para FF";BENS;261101;20/01/2027;30/03/2027;69;"Fundação Florestal";"150/2026";"Baixo";10;01/04/2027;Material;8915;Frutas, verduras e legumes;"";"";;"";"";5.000,0000;1,00000;5.000,0000
"103/2027";Aprovada;;"Aquisição de gêneros alimentícios diversos para FF";BENS;261101;20/01/2027;30/03/2027;69;"Fundação Florestal";"150/2026";"Baixo";11;01/04/2027;Material;8915;Frutas, Verduras E Legumes;"";"";;"";"";2.000,0000;1,00000;2.000,0000
"103/2027";Aprovada;;"Aquisição de gêneros alimentícios diversos para FF";BENS;261101;20/01/2027;30/03/2027;69;"Fundação Florestal";"150/2026";"Baixo";12;01/04/2027;Material;8920;Produtos de panificação e cereais;"";"";;"";"";2.000,0000;1,00000;2.000,0000
"103/2027";Aprovada;;"Aquisição de gêneros alimentícios diversos para FF";BENS;261101;20/01/2027;30/03/2027;69;"Fundação Florestal";"150/2026";"Baixo";13;01/04/2027;Material;8920;Produtos De Panificação E Cereais;"";"";;"";"";1.000,0000;1,00000;1.000,0000
"103/2027";Aprovada;;"Aquisição de gêneros alimentícios diversos para FF";BENS;261101;20/01/2027;30/03/2027;69;"Fundação Florestal";"150/2026";"Baixo";14;01/04/2027;Material;8960;Bebidas Não Alcoólicas;"";"";;"";"";2.000,0000;1,00000;2.000,0000
"103/2027";Aprovada;;"Aquisição de gêneros alimentícios diversos para FF";BENS;261101;20/01/2027;30/03/2027;69;"Fundação Florestal";"150/2026";"Baixo";15;01/04/2027;Material;8920;Produtos De Panificação E Cereais;"";"";;"";"";1.000,0000;1,00000;1.000,0000
"103/2027";Aprovada;;"Aquisição de gêneros alimentícios diversos para FF";BENS;261101;20/01/2027;30/03/2027;69;"GA - Gerência Administrativa";"151/2026";"Baixo";1;31/05/2027;Material;8920;PRODUTOS DE PANIFICAÇÃO E CEREAIS;"19775";"BARRA NUTRICIONAL";633742;"CARACTERÍSTICA ADICIONAL: PROTEÍNA CONCENTRADA, COMPOSIÇÃO BÁSICA: DE PROTEÍNA (CERCA DE 12 G), INGREDIENTES ADICIONAIS: SORO DO LEITE E COLÁGENO";"EMB";5,0000;5.000,00000;25.000,0000
"103/2027";Aprovada;;"Aquisição de gêneros alimentícios diversos para FF";BENS;261101;20/01/2027;30/03/2027;69;"GA - Gerência Administrativa";"151/2026";"Baixo";2;31/05/2027;Material;8920;PRODUTOS DE PANIFICAÇÃO E CEREAIS;"19775";"BARRA NUTRICIONAL";467358;"COMPOSIÇÃO BÁSICA: DE FLOCOS DE CEREAIS, INGREDIENTES ADICIONAIS: FRUTAS SECAS E MEL";"EMB";5,0000;5.000,00000;25.000,0000
"103/2027";Aprovada;;"Aquisição de gêneros alimentícios diversos para FF";BENS;261101;20/01/2027;30/03/2027;69;"GA - Gerência Administrativa";"151/2026";"Baixo";3;31/05/2027;Material;8920;PRODUTOS DE PANIFICAÇÃO E CEREAIS;"19775";"BARRA NUTRICIONAL";463965;"COMPOSIÇÃO BÁSICA: DE FLOCOS DE CEREAIS, INGREDIENTES ADICIONAIS: CHOCOLATE";"EMB";5,0000;1.000,00000;5.000,0000
"103/2027";Aprovada;;"Aquisição de gêneros alimentícios diversos para FF";BENS;261101;20/01/2027;30/03/2027;69;"GA - Gerência Administrativa";"151/2026";"Baixo";4;31/05/2027;Material;8960;Bebidas não alcoólicas;"";"";;"";"";10.000,0000;1,00000;10.000,0000
"106/2027";Aprovada;;"Aquisição de materiais e equipamentos para mergulho para FF";BENS;261101;01/06/2027;05/08/2027;65;"Fundação Florestal";"242/2026";"Baixo";1;07/08/2027;Material;4220;Equipamento Para Mergulho E Salvamento Marítimo;"";"";;"";"";30.000,0000;1,00000;30.000,0000
"108/2027";Aprovada;;"Licença de software Canva para criação, edição e produção de materiais gráficos - NTIIA";CONTRATACOES_TIC;261101;22/12/2026;25/02/2027;65;"NTIIA";"158/2026";"Médio";1;28/02/2027;Serviço;131;SERVIÇOS DE COMPUTAÇÃO EM NUVEM;"";"";26077;"SOFTWARE COMO SERVICO - SAAS";"";1.248,2000;30,00000;37.446,0000
"109/2027";Aprovada;;"Contratação de serviço de divulgação, gravação e transcrição de Audiências Públicas";SERVICOS;261101;05/02/2027;01/04/2027;55;"Fundação Florestal";"281/2026";"Baixo";1;01/04/2027;Serviço;836;SERVIÇOS DE PUBLICIDADE;"";"";;"";"";30.000,0000;1,00000;30.000,0000
"113/2027";Aprovada;;"Aquisição de gerador de energia para o PE Itinguçu - GLS";BENS;261101;26/03/2027;20/05/2027;55;"GLS - Gerência Litoral Sul";"282/2026";"Médio";1;30/05/2027;Material;2920;Componentes Do Sistema Elétrico De Motores, Exceto Os De Ae-Ronaves;"7967";"Gerador";632265;"aplicação: experimentos e estudos sobre eletricidade estática, caracteristicas adicionais: potencial gerado de no mínimo 240kv, com conexão p, modelo: de bancada, potência: 1/8, tensão: 220, tipo: eletrostático";"UN";35.000,0000;1,00000;35.000,0000
"101/2027";Aprovada;;"Aquisição de materiais para operação de sistemas integrados em cavernas? DPLAN";BENS;261101;25/02/2027;04/05/2027;68;"DPLAN";"222/2026";"Baixo";1;01/05/2027;Material;4240;Equipamento para segurança e salvamento;"";"";;"";"";10.000,0000;1,00000;10.000,0000
"101/2027";Aprovada;;"Aquisição de materiais para operação de sistemas integrados em cavernas? DPLAN";BENS;261101;25/02/2027;04/05/2027;68;"DPLAN";"222/2026";"Baixo";2;01/05/2027;Material;4020;Cabos de fibra, cordoalhas e barbantes;"";"";;"";"";1.000,0000;1,00000;1.000,0000
"101/2027";Aprovada;;"Aquisição de materiais para operação de sistemas integrados em cavernas? DPLAN";BENS;261101;25/02/2027;04/05/2027;68;"DPLAN";"222/2026";"Baixo";3;01/05/2027;Material;4020;Cabos de fibra, cordoalhas e barbantes;"";"";;"";"";1.000,0000;1,00000;1.000,0000
"101/2027";Aprovada;;"Aquisição de materiais para operação de sistemas integrados em cavernas? DPLAN";BENS;261101;25/02/2027;04/05/2027;68;"DPLAN";"222/2026";"Baixo";4;01/05/2027;Material;4020;Cabos de fibra, cordoalhas e barbantes;"";"";;"";"";1.000,0000;1,00000;1.000,0000
"101/2027";Aprovada;;"Aquisição de materiais para operação de sistemas integrados em cavernas? DPLAN";BENS;261101;25/02/2027;04/05/2027;68;"DPLAN";"222/2026";"Baixo";5;01/05/2027;Material;7810;Equipamento para atletismo e desporto;"";"";;"";"";5.000,0000;1,00000;5.000,0000
"110/2027";Aprovada;;"Serviços de produção de 02 modelos anatômicos da fauna (01 boto e 01 onça parda) - GLS";SERVICOS;261101;24/03/2027;27/05/2027;64;"GLS - Gerência Litoral Sul";"285/2026";"Médio";1;30/05/2027;Material;6910;Acessórios para treinamento;"9837";"Modelo Anatômico Para Fins Didáticos";623487;"acessórios: com suporte, aplicação: aula prática, componente adicional: secção sagital, componentes: 2 partes, anatomia externa, sistema muscular, material: resina plástica, outros componentes: 15 peças desmontaveis, tamanho: 85 x 54 x 28, tipo 1: modelo anatômico de uma fêmea bovina";"UN";48.000,0000;2,00000;96.000,0000
"102/2027";Aprovada;;"Aquisição de equipamentos de apoio às atividades de campo e manutenção (baterias)";BENS;261101;27/07/2027;30/09/2027;65;"Fundação Florestal";"137/2026";"Baixo";1;30/09/2027;Material;6140;BATERIAS RECARREGÁVEIS;"";"";;"";"";26.000,0000;1,00000;26.000,0000
"102/2027";Aprovada;;"Aquisição de equipamentos de apoio às atividades de campo e manutenção (baterias)";BENS;261101;27/07/2027;30/09/2027;65;"Fundação Florestal";"137/2026";"Baixo";2;30/09/2027;Material;6115;GERADORES E CONJUNTOS GERADORES ELÉTRICOS;"";"";;"";"";2.860,0000;1,00000;2.860,0000
"100/2027";Aprovada;;"Aquisição de Eletrodomésticos, através de ARP para FF";BENS;261101;27/07/2027;30/09/2027;65;"Fundação Florestal";"138/2026";"Baixo";1;30/09/2027;Material;4110;EQUIPAMENTO PARA REFRIGERAÇÃO;"";"";;"";"";200.000,0000;1,00000;200.000,0000
"100/2027";Aprovada;;"Aquisição de Eletrodomésticos, através de ARP para FF";BENS;261101;27/07/2027;30/09/2027;65;"Fundação Florestal";"138/2026";"Baixo";2;30/09/2027;Material;7310;EQUIPAMENTOS PARA COZINHAR, ASSAR E SERVIR ALIMENTOS;"17704";"FOGÃO ELÉTRICO";;"";"";100.000,0000;1,00000;100.000,0000
"100/2027";Aprovada;;"Aquisição de Eletrodomésticos, através de ARP para FF";BENS;261101;27/07/2027;30/09/2027;65;"Fundação Florestal";"138/2026";"Baixo";3;30/09/2027;Material;7310;EQUIPAMENTOS PARA COZINHAR, ASSAR E SERVIR ALIMENTOS;"";"";;"";"";50.000,0000;1,00000;50.000,0000
"100/2027";Aprovada;;"Aquisição de Eletrodomésticos, através de ARP para FF";BENS;261101;27/07/2027;30/09/2027;65;"Fundação Florestal";"138/2026";"Baixo";4;30/09/2027;Material;3590;EQUIPAMENTOS DIVERSOS PARA SERVIÇOS PROFISSIONAIS E  COMERCIAIS;"";"";;"";"";50.000,0000;1,00000;50.000,0000
"100/2027";Aprovada;;"Aquisição de Eletrodomésticos, através de ARP para FF";BENS;261101;27/07/2027;30/09/2027;65;"Fundação Florestal";"138/2026";"Baixo";5;30/09/2027;Material;4130;Componentes de equipamentos para refrigeração e ar  condicionado;"";"";;"";"";100.000,0000;1,00000;100.000,0000
"100/2027";Aprovada;;"Aquisição de Eletrodomésticos, através de ARP para FF";BENS;261101;27/07/2027;30/09/2027;65;"Fundação Florestal";"138/2026";"Baixo";6;30/09/2027;Material;4110;Equipamento Para Refrigeração;"";"";;"";"";50.000,0000;1,00000;50.000,0000
"100/2027";Aprovada;;"Aquisição de Eletrodomésticos, através de ARP para FF";BENS;261101;27/07/2027;30/09/2027;65;"Fundação Florestal";"138/2026";"Baixo";7;30/09/2027;Material;7730;FONÓGRAFOS, RÁDIOS E TELEVISORES DE TIPO DOMÉSTICO;"";"";;"";"";50.000,0000;1,00000;50.000,0000
"100/2027";Aprovada;;"Aquisição de Eletrodomésticos, através de ARP para FF";BENS;261101;27/07/2027;30/09/2027;65;"Fundação Florestal";"138/2026";"Baixo";8;30/09/2027;Material;3590;Equipamentos Diversos Para Serviços Profissionais E  Comerciais;"";"";;"";"";50.000,0000;1,00000;50.000,0000
"100/2027";Aprovada;;"Aquisição de Eletrodomésticos, através de ARP para FF";BENS;261101;27/07/2027;30/09/2027;65;"Fundação Florestal";"138/2026";"Baixo";9;30/09/2027;Material;3590;EQUIPAMENTOS DIVERSOS PARA SERVIÇOS PROFISSIONAIS E  COMERCIAIS;"";"";;"";"";60.000,0000;1,00000;60.000,0000
"100/2027";Aprovada;;"Aquisição de Eletrodomésticos, através de ARP para FF";BENS;261101;27/07/2027;30/09/2027;65;"Fundação Florestal";"138/2026";"Baixo";10;30/09/2027;Material;4310;Bombas e compressores a vácuo;"";"";;"";"";50.000,0000;1,00000;50.000,0000
"100/2027";Aprovada;;"Aquisição de Eletrodomésticos, através de ARP para FF";BENS;261101;27/07/2027;30/09/2027;65;"Fundação Florestal";"138/2026";"Baixo";11;30/09/2027;Material;4140;Ventiladores, Circuladores De Ar E Ventoinhas;"";"";;"";"";50.000,0000;1,00000;50.000,0000
"100/2027";Aprovada;;"Aquisição de Eletrodomésticos, através de ARP para FF";BENS;261101;27/07/2027;30/09/2027;65;"Fundação Florestal";"138/2026";"Baixo";12;30/09/2027;Material;3730;Equipamento De Laticínios, Avicultura E Pecuária;"16075";"Aquecedor";;"";"";20.000,0000;1,00000;20.000,0000
"100/2027";Aprovada;;"Aquisição de Eletrodomésticos, através de ARP para FF";BENS;261101;27/07/2027;30/09/2027;65;"Fundação Florestal";"139/2026";"Baixo";1;30/06/2027;Material;7320;Equipamentos E Aparelhos De Cozinha;"";"";;"";"";6.000,0000;1,00000;6.000,0000
"100/2027";Aprovada;;"Aquisição de Eletrodomésticos, através de ARP para FF";BENS;261101;27/07/2027;30/09/2027;65;"Fundação Florestal";"139/2026";"Baixo";2;30/06/2027;Material;7320;Equipamentos E Aparelhos De Cozinha;"";"";;"";"";5.000,0000;1,00000;5.000,0000
"100/2027";Aprovada;;"Aquisição de Eletrodomésticos, através de ARP para FF";BENS;261101;27/07/2027;30/09/2027;65;"Fundação Florestal";"139/2026";"Baixo";3;30/06/2027;Material;7290;Utensílios Comerciais E Domésticos Diversos;"";"";;"";"";2.000,0000;1,00000;2.000,0000
"100/2027";Aprovada;;"Aquisição de Eletrodomésticos, através de ARP para FF";BENS;261101;27/07/2027;30/09/2027;65;"Fundação Florestal";"139/2026";"Baixo";4;30/06/2027;Material;7910;Enceradeiras E Aspiradores De Pó;"";"";;"";"";20.000,0000;1,00000;20.000,0000
"100/2027";Aprovada;;"Aquisição de Eletrodomésticos, através de ARP para FF";BENS;261101;27/07/2027;30/09/2027;65;"Fundação Florestal";"139/2026";"Baixo";5;30/06/2027;Material;3590;Equipamentos Diversos Para Serviços Profissionais E  Comerciais;"";"";;"";"";20.000,0000;1,00000;20.000,0000
"100/2027";Aprovada;;"Aquisição de Eletrodomésticos, através de ARP para FF";BENS;261101;27/07/2027;30/09/2027;65;"Fundação Florestal";"139/2026";"Baixo";6;30/06/2027;Material;7310;Equipamentos para cozinhar, assar e servir alimentos;"";"";;"";"";5.000,0000;1,00000;5.000,0000
"100/2027";Aprovada;;"Aquisição de Eletrodomésticos, através de ARP para FF";BENS;261101;27/07/2027;30/09/2027;65;"Fundação Florestal";"139/2026";"Baixo";7;30/06/2027;Material;7320;Equipamentos E Aparelhos De Cozinha;"";"";;"";"";1.000,0000;1,00000;1.000,0000
"100/2027";Aprovada;;"Aquisição de Eletrodomésticos, através de ARP para FF";BENS;261101;27/07/2027;30/09/2027;65;"Fundação Florestal";"139/2026";"Baixo";8;30/06/2027;Material;7320;Equipamentos E Aparelhos De Cozinha;"";"";;"";"";1.000,0000;1,00000;1.000,0000
"107/2027";Aprovada;;"Aquisição de gás liquefeito de petróleo (GLP) para FF";BENS;261101;31/05/2027;30/07/2027;60;"Fundação Florestal";"146/2026";"Baixo";1;30/07/2027;Material;6830;GASES COMPRIMIDOS E LIQUEFEITOS;"";"";;"";"";80.000,0000;1,00000;80.000,0000
"111/2027";Aprovada;;"Aquisição de 01 motor 200hp ou 300hp para embarcação do PE. Ilha do Cardoso - GLS";BENS;261101;25/03/2027;26/05/2027;62;"GLS - Gerência Litoral Sul";"284/2026";"Médio";1;30/05/2027;Material;2805;Motores a gasolina e componentes, exceto  os de aeronaves;"16609";"Motor Popa";628689;"aplicação: embarcação flexboat 760, potência: 300, tipo: 4 tempos, tipo motor: v8";"UN";150.000,0000;1,00000;150.000,0000
"61/2027";Aprovada;;"Aquisição de Radio comunicador - DPRO";BENS;261101;02/04/2027;01/06/2027;60;"DPRO";"235/2026";"Médio";1;01/06/2027;Material;5895;Equipamentos Diversos Para Comunicações;"";"";;"";"";118.819,0000;1,00000;118.819,0000
"104/2027";Aprovada;;"Aquisição de extintores de incêndio, com fornecimento, instalação e sinalização para FF";BENS;261101;03/02/2027;30/03/2027;55;"GPP - Gerência de Gestão de Pessoas";"132/2026";"Baixo";1;31/03/2027;Material;4210;EQUIPAMENTOS PARA COMBATE A INCÊNDIO;"1301";"EXTINTOR INCÊNDIO";355003;"ACABAMENTO SUPERFICIAL CILINDRO: METAL VERMELHO, APLICAÇÃO: INCÊNDIO CLASSE "B" E "C", CAPACIDADE: 8, CARACTERÍSTICAS ADICIONAIS: SUPORTE PARA PISO, MATERIAL CARGA: PÓ QUÍMICO SECO - PQS";"CIL";215,0000;900,00000;193.500,0000
"104/2027";Aprovada;;"Aquisição de extintores de incêndio, com fornecimento, instalação e sinalização para FF";BENS;261101;03/02/2027;30/03/2027;55;"GPP - Gerência de Gestão de Pessoas";"132/2026";"Baixo";2;31/03/2027;Material;4210;EQUIPAMENTOS PARA COMBATE A INCÊNDIO;"1301";"EXTINTOR INCÊNDIO";623903;"ACABAMENTO SUPERFICIAL CILINDRO: PINTURA EPÓXI-PÓ ELETROSTÁTICO, APLICAÇÃO: INCÊNDIO CLASSE "A", "B" E "C", CAPACIDADE: 6, MATERIAL CARGA: PÓ QUÍMICO SECO - PQS, MATERIAL CILINDRO: AÇO CARBÔNICO, MATERIAL MANGUEIRA: BORRACHA, MATERIAL TRAMA: NYLON, MATERIAL VÁLVULA SAÍDA: LATÃO FORJADO, NORMAS TÉCNICAS: NBR 15808, PRESSÃO SERVIÇO: 10,5";"CIL";270,0000;50,00000;13.500,0000
"104/2027";Aprovada;;"Aquisição de extintores de incêndio, com fornecimento, instalação e sinalização para FF";BENS;261101;03/02/2027;30/03/2027;55;"GPP - Gerência de Gestão de Pessoas";"132/2026";"Baixo";3;31/03/2027;Material;4210;EQUIPAMENTOS PARA COMBATE A INCÊNDIO;"1301";"EXTINTOR INCÊNDIO";621542;"ACABAMENTO SUPERFICIAL CILINDRO: PINTURA VERMELHA, MATERIAL CARGA: CO2-GÁS CARBÔNICO, MATERIAL CILINDRO: AÇO, MATERIAL DIFUSOR: POLIETILENO, MATERIAL MANGUEIRA: BORRACHA, MATERIAL TRAMA: AÇO, MATERIAL TUBO SIFÃO: ALUMÍNIO, MATERIAL VÁLVULA SAÍDA: LATÃO FORJADO, NORMAS TÉCNICAS: NBR13485/15809/16357/NFPA12, PESO: 45, PRESSÃO SERVIÇO: 60, TIPO VÁLVULA SAÍDA: COM ROSCA, TRATAMENTO SUPERFICIAL CILINDRO: JATEMENTO";"CIL";800,0000;50,00000;40.000,0000
"104/2027";Aprovada;;"Aquisição de extintores de incêndio, com fornecimento, instalação e sinalização para FF";BENS;261101;03/02/2027;30/03/2027;55;"GPP - Gerência de Gestão de Pessoas";"132/2026";"Baixo";4;31/03/2027;Material;4210;EQUIPAMENTOS PARA COMBATE A INCÊNDIO;"1301";"EXTINTOR INCÊNDIO";391647;"ACABAMENTO SUPERFICIAL CILINDRO: PINTURA EPÓXI-PÓ ELETROSTÁTICO, CAPACIDADE: 10, MATERIAL CARGA: ÁGUA PRESSURIZADA, MATERIAL CILINDRO: AÇO CARBONO SEM COSTURA, PRESSÃO SERVIÇO: 10,5, PRESSÃO TESTE: 28";"CIL";330,0000;50,00000;16.500,0000
"104/2027";Aprovada;;"Aquisição de extintores de incêndio, com fornecimento, instalação e sinalização para FF";BENS;261101;03/02/2027;30/03/2027;55;"GPP - Gerência de Gestão de Pessoas";"132/2026";"Baixo";5;31/03/2027;Material;4210;EQUIPAMENTOS PARA COMBATE A INCÊNDIO;"1301";"EXTINTOR INCÊNDIO";623903;"ACABAMENTO SUPERFICIAL CILINDRO: PINTURA EPÓXI-PÓ ELETROSTÁTICO, APLICAÇÃO: INCÊNDIO CLASSE "A", "B" E "C", CAPACIDADE: 6, MATERIAL CARGA: PÓ QUÍMICO SECO - PQS, MATERIAL CILINDRO: AÇO CARBÔNICO, MATERIAL MANGUEIRA: BORRACHA, MATERIAL TRAMA: NYLON, MATERIAL VÁLVULA SAÍDA: LATÃO FORJADO, NORMAS TÉCNICAS: NBR 15808, PRESSÃO SERVIÇO: 10,5";"CIL";220,0000;50,00000;11.000,0000
"104/2027";Aprovada;;"Aquisição de extintores de incêndio, com fornecimento, instalação e sinalização para FF";BENS;261101;03/02/2027;30/03/2027;55;"GPP - Gerência de Gestão de Pessoas";"132/2026";"Baixo";6;31/03/2027;Material;4210;EQUIPAMENTOS PARA COMBATE A INCÊNDIO;"1301";"EXTINTOR INCÊNDIO";480213;"CARACTERÍSTICAS ADICIONAIS: SOBRE RODAS, MATERIAL CARGA: PÓ QUÍMICO SECO, MATERIAL CILINDRO: CHAPA LAMINADA SAE 1006, 1008, 1010, MATERIAL MANGUEIRA: PVC, MATERIAL TRAMA: FIO SINTÉTICO, MATERIAL VÁLVULA SAÍDA: LATÃO FORJADO, TIPO VÁLVULA SAÍDA: ALAVANCA COM ROSCA PARA MANÔMETRO";"CIL";335,0000;40,00000;13.400,0000
"104/2027";Aprovada;;"Aquisição de extintores de incêndio, com fornecimento, instalação e sinalização para FF";BENS;261101;03/02/2027;30/03/2027;55;"GPP - Gerência de Gestão de Pessoas";"132/2026";"Baixo";7;31/03/2027;Material;4210;EQUIPAMENTOS PARA COMBATE A INCÊNDIO;"1301";"EXTINTOR INCÊNDIO";271708;"CAPACIDADE: 10, CARACTERÍSTICAS ADICIONAIS: COM SUPORTE FIXAÇÃO PAREDE E ADESIVO SINALIZAÇÃO V, MATERIAL CARGA: ÁGUA PRESSURIZADA";"UN";316,3000;50,00000;15.815,0000
"41/2027";Aprovada;;"Serviços de alimentação para monitoramento marinho Laje de Santos - Programa Oceanos";SERVICOS;261101;14/01/2027;15/03/2027;60;"Programa Oceanos";"265/2026";"Alto";9;15/03/2027;Serviço;632;Serviços de fornecimento de comida;"";"";;"";"";16.000,0000;1,00000;16.000,0000
"114/2027";Aprovada;;"Contratação de serviços de buffet ´para atender a FF (via ARP SEMIL)";SERVICOS;261101;04/02/2027;31/03/2027;55;"Fundação Florestal";"300/2026";"Baixo";1;01/02/2027;Serviço;632;Serviços De Fornecimento De Comida;"";"";12807;"Buffet";"";20,0000;600,00000;12.000,0000
"114/2027";Aprovada;;"Contratação de serviços de buffet ´para atender a FF (via ARP SEMIL)";SERVICOS;261101;04/02/2027;31/03/2027;55;"Fundação Florestal";"300/2026";"Baixo";2;01/02/2027;Serviço;632;Serviços De Fornecimento De Comida;"";"";12807;"Buffet";"";20,0000;600,00000;12.000,0000
"114/2027";Aprovada;;"Contratação de serviços de buffet ´para atender a FF (via ARP SEMIL)";SERVICOS;261101;04/02/2027;31/03/2027;55;"Fundação Florestal";"300/2026";"Baixo";3;01/02/2027;Serviço;632;Serviços De Fornecimento De Comida;"";"";12807;"Buffet";"";20,0000;600,00000;12.000,0000
"115/2027";Aprovada;;"Contratação de serviços de Publicação Legal/Editais e chamamento publico para atender a FF";SERVICOS;261101;04/02/2027;31/03/2027;55;"Fundação Florestal";"301/2026";"Baixo";1;01/04/2027;Serviço;836;Serviços De Publicidade;"";"";;"";"";200.000,0000;1,00000;200.000,0000
"2/2027";Aprovada;;"Drone Programa Oceanos";BENS;261101;14/01/2027;15/03/2027;60;"Programa Oceanos";"199/2026";"Alto";9;15/03/2027;Material;1550;Aeronaves teleguiadas;"";"";;"";"";206.434,3200;1,00000;206.434,3200
"2/2027";Aprovada;;"Drone Programa Oceanos";BENS;261101;14/01/2027;15/03/2027;60;"Programa Oceanos";"199/2026";"Alto";10;15/03/2027;Material;1550;Aeronaves teleguiadas;"";"";;"";"";64.647,0000;1,00000;64.647,0000
"5/2027";Aprovada;;"Motocicleta 150cc tipo Crosser ou Bros - cidade campo - DPRO";BENS;261101;02/04/2027;01/06/2027;60;"DPRO";"238/2026";"Baixo";1;01/06/2027;Material;2340;Motocicletas, motonetas e bicicletas;"";"";;"";"";115.000,0000;1,00000;115.000,0000
"7/2027";Aprovada;;"Aquisição de equipamentos para inclusão produtiva e fortalecimento de cadeias produtivas - DBE ";BENS;261101;03/06/2027;02/08/2027;60;"DBE";"246/2026";"Baixo";1;31/07/2027;Material;4110;EQUIPAMENTO PARA REFRIGERAÇÃO;"783";"FREEZER";;"";"";20.000,0000;1,00000;20.000,0000
"7/2027";Aprovada;;"Aquisição de equipamentos para inclusão produtiva e fortalecimento de cadeias produtivas - DBE ";BENS;261101;03/06/2027;02/08/2027;60;"DBE";"246/2026";"Baixo";2;31/07/2027;Material;7320;EQUIPAMENTOS E APARELHOS DE COZINHA;"1031";"DESPOLPADEIRA FRUTAS";;"";"";20.000,0000;1,00000;20.000,0000
"7/2027";Aprovada;;"Aquisição de equipamentos para inclusão produtiva e fortalecimento de cadeias produtivas - DBE ";BENS;261101;03/06/2027;02/08/2027;60;"DBE";"246/2026";"Baixo";3;31/07/2027;Material;3540;MÁQUINAS DE EMBALAR E EMPACOTAR;"";"";;"";"";10.000,0000;1,00000;10.000,0000
"7/2027";Aprovada;;"Aquisição de equipamentos para inclusão produtiva e fortalecimento de cadeias produtivas - DBE ";BENS;261101;03/06/2027;02/08/2027;60;"DBE";"246/2026";"Baixo";4;31/07/2027;Material;3605;MÁQUINAS E EQUIPAMENTOS PARA PRODUTOS ALIMENTÍCIOS;"";"";;"";"";50.000,0000;1,00000;50.000,0000
"7/2027";Aprovada;;"Aquisição de equipamentos para inclusão produtiva e fortalecimento de cadeias produtivas - DBE ";BENS;261101;03/06/2027;02/08/2027;60;"DBE";"246/2026";"Baixo";5;31/07/2027;Material;7310;Equipamentos para cozinhar, assar e servir alimentos;"";"";;"";"";50.000,0000;1,00000;50.000,0000
"9/2027";Aprovada;;"Pulverizador agrícola de barras  - GLS";BENS;261101;14/01/2027;16/03/2027;61;"GIS - Gerência Interior Sul";"263/2026";"Baixo";1;15/03/2027;Material;3740;Equipamento Para Controle De Pragas, Doenças E Geadas;"11339";"Pulverizador";614899;"aplicação: pulverização de defensivos agrícolas, capacidade tanque: 800, características adicionais: acionamento hidráulioco das barras, componentes: filtro de sucção, bomba de pulverização, barras e, material tanque: polietileno, tipo: barra";"UN";30.000,0000;10,00000;300.000,0000
"10/2027";Aprovada;;"Aquisição de carretas FF";BENS;261101;01/03/2027;30/04/2027;60;"Fundação Florestal";"269/2026";"Baixo";1;30/04/2027;Material;3920;Equipamentos não autopropulsionado para movimentação  de  materiais;"";"";;"";"";800.000,0000;1,00000;800.000,0000
"12/2027";Aprovada;;"Cinta de amarração de carga reforçada e trançada para caminhão - GVRAP ";BENS;261101;12/11/2026;11/01/2027;60;"GVRAP - Gerência do Alto Paranapanema";"272/2026";"Alto";1;11/01/2027;Material;3990;Equipamentos diversos para movimentação de materiais;"5016";"Cinta Suspensão Carga";606210;"aplicação: suspensão e amarração de cargas, capacidade: 8, características adicionais: fator de segurança 7:1, componentes adicionais: com olhais reforçados nas extremidades, comprimento: 12, largura: 200, material: poliéster, tipo: sling 200";"UN";304,0700;60,00000;18.244,2000
"14/2027";Aprovada;;"Mascara de proteção para combate a incêndios florestais - DPRO";BENS;261101;02/04/2027;01/06/2027;60;"DPRO";"240/2026";"Médio";1;01/06/2027;Material;4240;Equipamento para segurança e salvamento;"";"";;"";"";209.000,0000;1,00000;209.000,0000
"22/2027";Aprovada;;"Projeto de recuperação ambiental do processo erosivo da Ilha do Bom Abrigo - GLS";SERVICOS;261101;01/09/2027;29/10/2027;58;"GLS - Gerência Litoral Sul";"210/2026";"Médio";1;31/10/2027;Serviço;861;Serviços relativos à agricultura, caça, reflorestamento e pesca;"";"";;"";"";100.000,0000;1,00000;100.000,0000
"23/2027";Aprovada;;"Aquisição de gerador - GVRAP";BENS;261101;04/12/2026;02/02/2027;60;"GVRAP - Gerência do Alto Paranapanema";"270/2026";"Alto";1;02/02/2027;Material;6115;Geradores e conjuntos geradores elétricos;"19193";"Gerador Energia";630894;"características adicionais: cilindradas motor: 406 cc, frequência nominal: 60, número de fases: monofásico, potência máxima: 5,5, potência nominal: 5, rotação: 3.600, tensão saída: 230, tipo: portátil, tipo de partida: manual, tipo motor: diesel";"UN";6.427,3800;8,00000;51.419,0400
"24/2027";Aprovada;;"Kit de primeiros socorros para emergências - GVRAP";BENS;261101;06/11/2026;05/01/2027;60;"GVRAP - Gerência do Alto Paranapanema";"275/2026";"Alto";1;05/01/2027;Material;6530;MOBILIÁRIO, EQUIPAMENTOS, UTENSÍLIOS E  SUPRIMENTOS  HOSPITALARES;"30022";"CURATIVO / COBERTURA";638433;"APLICAÇÃO: P/ FERIDA, ASPECTO FÍSICO: MALHA / GAZE, COMPONENTE 1: C/ POLIÉSTER, COMPONENTE 2: C/ OLIGOSSACARÍDEO SULFATADO, COMPOSIÇÃO: À BASE DE CMC E PARTÍCULAS LIPOFÍLICAS, DIMENSÃO: CERCA DE 10 X 10, ESTERILIDADE: ESTÉRIL";"UN";30,0000;15,00000;450,0000
"24/2027";Aprovada;;"Kit de primeiros socorros para emergências - GVRAP";BENS;261101;06/11/2026;05/01/2027;60;"GVRAP - Gerência do Alto Paranapanema";"275/2026";"Alto";2;05/01/2027;Material;6510;Materiais cirúrgicos para curativos;"19907";"Bandagem";637414;"componente: c/ adesivo de borracha sintética, cor: c/ cor, dimensão: cerca de 5 cm x 5 m, embalagem: embalagem individual em rolo, material: malha impermeável de tecido sintético e algodão, modelo: autoaderente, tipo: tape funcional elástico, tipo uso: uso único";"UN";30,0000;15,00000;450,0000
"24/2027";Aprovada;;"Kit de primeiros socorros para emergências - GVRAP";BENS;261101;06/11/2026;05/01/2027;60;"GVRAP - Gerência do Alto Paranapanema";"275/2026";"Alto";3;05/01/2027;Material;6515;Instrumentos, equipamentos e suprimentos médicos  e  cirúrgicos;"17357";"Clorexidina Digluconato";626227;"concentração: 1%, forma farmacêutica: solução alcoólica";"FR";45,0000;15,00000;675,0000
"24/2027";Aprovada;;"Kit de primeiros socorros para emergências - GVRAP";BENS;261101;06/11/2026;05/01/2027;60;"GVRAP - Gerência do Alto Paranapanema";"275/2026";"Alto";4;05/01/2027;Material;6545;Jogos e conjuntos médicos;"30248";"Luva Cirúrgica";620105;"apresentação: em par, cor: c/ cor, embalagem: embalagem individual, esterilidade: estéril, uso único, formato: anatômico, material: borracha mista - látex c/ revestimento sintético, pó: sem pó, superfície: superfície texturizada, tamanho: nº 8,5";"PAR";4,5000;15,00000;67,5000
"24/2027";Aprovada;;"Kit de primeiros socorros para emergências - GVRAP";BENS;261101;06/11/2026;05/01/2027;60;"GVRAP - Gerência do Alto Paranapanema";"275/2026";"Alto";5;05/01/2027;Material;6515;Instrumentos, equipamentos e suprimentos médicos  e  cirúrgicos;"19854";"Tesoura Instrumental";637041;"característica ponta: romba, comprimento total: cerca de 34, esterilidade: esterilizável, haste: haste angulada, material: aço inoxidável, modelo 2: uso c/ endoscópio, tipo ponta: ponta reta";"UN";50,0000;15,00000;750,0000
"24/2027";Aprovada;;"Kit de primeiros socorros para emergências - GVRAP";BENS;261101;06/11/2026;05/01/2027;60;"GVRAP - Gerência do Alto Paranapanema";"275/2026";"Alto";6;05/01/2027;Material;6515;Instrumentos, equipamentos e suprimentos médicos  e  cirúrgicos;"12670";"Termômetro Clínico";435801;"ajuste: digital, componentes: c/ alarmes, embalagem: embalagem individual, escala: até 45, memória: memória última medição, tipo*: uso axilar e oral";"UN";25,0000;15,00000;375,0000
"32/2027";Aprovada;;"Contratação de serviço de perfuração de poço artesiano - GVRAP";SERVICOS;261101;03/12/2026;01/02/2027;60;"GVRAP - Gerência do Alto Paranapanema";"278/2026";"Médio";1;01/02/2027;Serviço;839;Outros Serviços De Negócios, Técnicos E Profissionais;"";"";24899;"Serviços Correlatos a Poços Profundos";"";150.000,0000;1,00000;150.000,0000
"33/2027";Aprovada;;"Fornecimento de Crachá para identificação funcional - GRH";SERVICOS;261101;03/05/2027;01/07/2027;59;"DPLAN";"215/2026";"Médio";1;01/06/2027;Serviço;881;Serviços De Manufatura Em Insumos Físicos Que Sao Propriedade De Outros(Exceto Maquinaria E Equipamento);"";"";;"";"";10.000,0000;1,00000;10.000,0000
"33/2027";Aprovada;;"Fornecimento de Crachá para identificação funcional - GRH";SERVICOS;261101;03/05/2027;01/07/2027;59;"GPP - Gerência de Gestão de Pessoas";"287/2026";"Médio";1;01/07/2027;Material;8455;Distintivos e insígnias;"";"";;"";"";20.000,0000;1,00000;20.000,0000
"30/2027";Aprovada;;"Manutenção preventiva e corretiva do sistema de iluminação da caverna do diabo - GVRAP";SERVICOS;261101;06/11/2026;05/01/2027;60;"GVRAP - Gerência do Alto Paranapanema";"280/2026";"Alto";1;05/01/2027;Serviço;546;Serviços De Instalação;"";"";21687;"Instalação/Manutenção/Operação - Elétrica";"";200.000,0000;1,00000;200.000,0000
"27/2027";Aprovada;;"Construção de Alojamento/Aasa de pesquisa no Parque Estadual Caverna do Diabo - GVRAP";SERVICOS;261101;02/03/2027;03/05/2027;62;"GVRAP - Gerência do Alto Paranapanema";"217/2026";"Médio";1;01/05/2027;Serviço;541;Serviços gerais de construção dos edifícios;"";"";1619;"Obras civis de edificação prediais";"";500.000,0000;1,00000;500.000,0000
"36/2027";Aprovada;;"Aquisição de materiais para monitoramento das áreas marinhas - FF-Cebimar/USP - Programa Oceanos";BENS;261101;14/01/2027;15/03/2027;60;"Programa Oceanos";"192/2026";"Alto";1;15/03/2027;Material;7010;Computadores;"";"";;"";"";163.000,0000;1,00000;163.000,0000
"36/2027";Aprovada;;"Aquisição de materiais para monitoramento das áreas marinhas - FF-Cebimar/USP - Programa Oceanos";BENS;261101;14/01/2027;15/03/2027;60;"Programa Oceanos";"192/2026";"Alto";2;15/03/2027;Material;6640;Equipamentos e artigos de laboratório;"";"";;"";"";354.249,2000;1,00000;354.249,2000
"36/2027";Aprovada;;"Aquisição de materiais para monitoramento das áreas marinhas - FF-Cebimar/USP - Programa Oceanos";BENS;261101;14/01/2027;15/03/2027;60;"Programa Oceanos";"192/2026";"Alto";3;15/03/2027;Material;6810;Produtos químicos;"";"";;"";"";2.500,0000;1,00000;2.500,0000
"36/2027";Aprovada;;"Aquisição de materiais para monitoramento das áreas marinhas - FF-Cebimar/USP - Programa Oceanos";BENS;261101;14/01/2027;15/03/2027;60;"Programa Oceanos";"192/2026";"Alto";4;15/03/2027;Material;6630;Instrumentos para análises químicas;"";"";;"";"";221.718,6000;1,00000;221.718,6000
"36/2027";Aprovada;;"Aquisição de materiais para monitoramento das áreas marinhas - FF-Cebimar/USP - Programa Oceanos";BENS;261101;14/01/2027;15/03/2027;60;"Programa Oceanos";"192/2026";"Alto";5;15/03/2027;Material;6685;Instrumentos para medição e controle de pressão,temperatura e umidade;"";"";;"";"";90.000,0000;1,00000;90.000,0000
"36/2027";Aprovada;;"Aquisição de materiais para monitoramento das áreas marinhas - FF-Cebimar/USP - Programa Oceanos";BENS;261101;14/01/2027;15/03/2027;60;"Programa Oceanos";"192/2026";"Alto";7;15/03/2027;Material;9999;Itens diversos;"";"";;"";"";10.000,0000;1,00000;10.000,0000
"36/2027";Aprovada;;"Aquisição de materiais para monitoramento das áreas marinhas - FF-Cebimar/USP - Programa Oceanos";BENS;261101;14/01/2027;15/03/2027;60;"Programa Oceanos";"192/2026";"Alto";8;15/03/2027;Material;6640;Equipamentos e artigos de laboratório;"";"";;"";"";10.000,0000;1,00000;10.000,0000
"36/2027";Aprovada;;"Aquisição de materiais para monitoramento das áreas marinhas - FF-Cebimar/USP - Programa Oceanos";BENS;261101;14/01/2027;15/03/2027;60;"Programa Oceanos";"192/2026";"Alto";9;15/03/2027;Material;6640;Equipamentos e artigos de laboratório;"";"";;"";"";173.034,0000;1,00000;173.034,0000
"36/2027";Aprovada;;"Aquisição de materiais para monitoramento das áreas marinhas - FF-Cebimar/USP - Programa Oceanos";BENS;261101;14/01/2027;15/03/2027;60;"Programa Oceanos";"192/2026";"Alto";10;15/03/2027;Material;6640;Equipamentos e artigos de laboratório;"";"";;"";"";80.557,6000;1,00000;80.557,6000
"36/2027";Aprovada;;"Aquisição de materiais para monitoramento das áreas marinhas - FF-Cebimar/USP - Programa Oceanos";BENS;261101;14/01/2027;15/03/2027;60;"Programa Oceanos";"192/2026";"Alto";11;15/03/2027;Material;6635;Equipamentos para testes de propriedades físicas;"";"";;"";"";169.211,9900;1,00000;169.211,9900
"36/2027";Aprovada;;"Aquisição de materiais para monitoramento das áreas marinhas - FF-Cebimar/USP - Programa Oceanos";BENS;261101;14/01/2027;15/03/2027;60;"Programa Oceanos";"192/2026";"Alto";12;15/03/2027;Material;6640;Equipamentos e artigos de laboratório;"";"";;"";"";5.000,0000;1,00000;5.000,0000
"36/2027";Aprovada;;"Aquisição de materiais para monitoramento das áreas marinhas - FF-Cebimar/USP - Programa Oceanos";BENS;261101;14/01/2027;15/03/2027;60;"Programa Oceanos";"192/2026";"Alto";13;15/03/2027;Material;6640;Equipamentos e artigos de laboratório;"";"";;"";"";43.596,0000;1,00000;43.596,0000
"37/2027";Aprovada;;"Aquisição para avaliar a saúde ambiental do PE de Laje de Santos (PEMLS) - Programa Oceanos";BENS;261101;14/01/2027;15/03/2027;60;"Programa Oceanos";"265/2026";"Alto";1;15/03/2027;Material;6550;Substâncias Para Diagnóstico "In Vitro",  Reagentes,  Conjuntos E Jogos Para Teste;"15618";"Conjunto Para Análise";;"";"";67.069,6100;1,00000;67.069,6100
"37/2027";Aprovada;;"Aquisição para avaliar a saúde ambiental do PE de Laje de Santos (PEMLS) - Programa Oceanos";BENS;261101;14/01/2027;15/03/2027;60;"Programa Oceanos";"265/2026";"Alto";2;15/03/2027;Material;8145;Recipientes Especializados Para Transporte E Armazenagem;"11479";"Recipiente / Botijão Criogênico";;"";"";8.300,0000;1,00000;8.300,0000
"37/2027";Aprovada;;"Aquisição para avaliar a saúde ambiental do PE de Laje de Santos (PEMLS) - Programa Oceanos";BENS;261101;14/01/2027;15/03/2027;60;"Programa Oceanos";"265/2026";"Alto";3;15/03/2027;Material;6640;Equipamentos e artigos de laboratório;"";"";;"";"";33.090,0000;1,00000;33.090,0000
"34/2027";Aprovada;;"Instalação de parque infantil de madeira na área de uso público do Parque Estadual do Juquery - GM";SERVICOS;261101;01/04/2027;31/05/2027;60;"GM - Gerência Metropolitana";"153/2026";"Baixo";1;31/05/2027;Material;7830;Equipamento Para Ginástica E Recreação;"";"";;"";"";180.000,0000;1,00000;180.000,0000
"39/2027";Aprovada;;"Geoprocessamento ecossistemas marinhos plataforma SIG - Licença ESRI/Arcgis Semil ? Programa Oceanos";BENS;261101;14/01/2027;15/03/2027;60;"Programa Oceanos";"268/2026";"Médio";1;15/03/2027;Material;7010;Computadores;"";"";;"";"";30.000,0000;1,00000;30.000,0000
"39/2027";Aprovada;;"Geoprocessamento ecossistemas marinhos plataforma SIG - Licença ESRI/Arcgis Semil ? Programa Oceanos";BENS;261101;14/01/2027;15/03/2027;60;"Programa Oceanos";"268/2026";"Médio";2;15/03/2027;Material;7010;Computadores;"";"";;"";"";30.000,0000;1,00000;30.000,0000
"39/2027";Aprovada;;"Geoprocessamento ecossistemas marinhos plataforma SIG - Licença ESRI/Arcgis Semil ? Programa Oceanos";BENS;261101;14/01/2027;15/03/2027;60;"Programa Oceanos";"268/2026";"Médio";1;15/03/2027;Serviço;171;Serviços de análise da dados e indicadores de tic;"";"";27316;"Serviços especializados de geoprocessamento";"";9.760,0000;12,00000;117.120,0000
"39/2027";Aprovada;;"Geoprocessamento ecossistemas marinhos plataforma SIG - Licença ESRI/Arcgis Semil ? Programa Oceanos";BENS;261101;14/01/2027;15/03/2027;60;"Programa Oceanos";"268/2026";"Médio";2;15/03/2027;Serviço;171;Serviços de análise da dados e indicadores de tic;"";"";27308;"Serviço especializado de business inteligence (bi)";"";4.520,0000;24,00000;108.480,0000
"4/2027";Aprovada;;"Equipamento para embarcação Monitoramento da biodiversidade marinha - FF-Cebimar/USP";BENS;261101;14/01/2027;15/03/2027;60;"Programa Oceanos";"192/2026";"Alto";6;15/03/2027;Material;2090;Equipamentos diversos para navios e marinharia;"";"";;"";"";10.000,0000;1,00000;10.000,0000
"11/2027";Aprovada;;"Aquisição de equipamento para transporte de materiais para feiras de turismo e materiais na sede da ";BENS;261101;02/04/2027;01/06/2027;60;"DPLAN";"206/2026";"Médio";1;01/06/2027;Material;3920;EQUIPAMENTOS NÃO AUTOPROPULSIONADO PARA MOVIMENTAÇÃO  DE  MATERIAIS;"";"";;"";"";5.000,0000;1,00000;5.000,0000
"15/2027";Aprovada;;"Contratação Sistema de Administração de Materiais e Patrimônio (SAM)";CONTRATACOES_TIC;261101;02/12/2026;01/02/2027;61;"GA - Gerência Administrativa";"274/2026";"Alto";1;31/01/2027;Serviço;131;Serviços de computação em nuvem;"";"";26077;"Software como servico - saas";"";1,0603;12,00000;12,7236
"17/2027";Aprovada;;"Prestação de serviços de manutenção e conservação Áreas Verdes - GA";SERVICOS;261101;02/07/2027;01/09/2027;61;"GA - Gerência Administrativa";"266/2026";"Médio";1;31/08/2027;Serviço;851;SERVIÇOS DE AGÊNCIAS DE EMPREGOS E FORNECIMENTO DE PESSOAL;"";"";24325;"PRESTAÇÃO DE SERVIÇO DE JARDINAGEM - OUTROS SERVIÇOS - OUTRAPRODUTIVIDADE";"";1.300.000,0000;1,00000;1.300.000,0000
"16/2027";Aprovada;;"Aquisição de Guarita montável - DPRO";BENS;261101;30/12/2026;01/03/2027;61;"DPRO";"231/2026";"Médio";1;01/03/2027;Material;5410;Edificações Pré-Fabricadas E Portáteis;"";"";;"";"";30.000,0000;1,00000;30.000,0000
"18/2027";Aprovada;;"Aquisição de ponte flutuante para desembarque no PEIA - GLN";SERVICOS;261101;19/02/2027;20/04/2027;60;"GLN - Gerência Litoral Norte";"183/2026";"Alto";1;20/04/2027;Material;5420;Pontes fixas e flutuantes;"";"";;"";"";1.500.000,0000;1,00000;1.500.000,0000
"19/2027";Aprovada;;"Aquisição de equipamentos de informática - GA";BENS;261101;29/12/2026;01/03/2027;62;"Fundação Florestal";"179/2026";"Médio";1;30/04/2027;Material;6720;CÂMARAS FOTOGRÁFICAS;"14570";"CÂMERA FOTOGRÁFICA DIGITAL";;"";"";233.000,0000;1,00000;233.000,0000
"19/2027";Aprovada;;"Aquisição de equipamentos de informática - GA";BENS;261101;29/12/2026;01/03/2027;62;"Fundação Florestal";"179/2026";"Médio";2;30/04/2027;Material;6720;Câmaras fotográficas;"8788";"Lente para câmera fotográfica";;"";"";8.000,0000;1,00000;8.000,0000
"19/2027";Aprovada;;"Aquisição de equipamentos de informática - GA";BENS;261101;29/12/2026;01/03/2027;62;"GA - Gerência Administrativa";"180/2026";"Médio";1;01/03/2027;Material;7010;Computadores;"8435";"Notebook";638970;"alimentação: bivolt automática, armazenamento hdd: sem disco hdd, armazenamento ssd: superior a 500, bateria: superior a 4 células, garantia on site: superior a 36, interatividade da tela: sem interatividade, memória ram: superior a 8, núcleos por processador: superior a 8, sistema operacional: proprietário, tela: superior a 14";"UN";6.000,0000;60,00000;360.000,0000
"19/2027";Aprovada;;"Aquisição de equipamentos de informática - GA";BENS;261101;29/12/2026;01/03/2027;62;"GA - Gerência Administrativa";"180/2026";"Médio";2;01/03/2027;Material;7010;Computadores;"";"";;"";"";450.000,0000;1,00000;450.000,0000
"19/2027";Aprovada;;"Aquisição de equipamentos de informática - GA";BENS;261101;29/12/2026;01/03/2027;62;"GA - Gerência Administrativa";"180/2026";"Médio";3;01/03/2027;Material;7010;Computadores;"19246";"Tablet";638619;"armazenamento externo: superior a 32, armazenamento interno: superior a 32, conectividade: wi-fi / 3g / 4g / bluetooth, câmera frontal: até 8, câmera traseira: até 8, memória ram: até 8, processador: octa core ou superior, sistema operacional: proprietário, tela: até 9";"UN";4.000,0000;20,00000;80.000,0000
"19/2027";Aprovada;;"Aquisição de equipamentos de informática - GA";BENS;261101;29/12/2026;01/03/2027;62;"GA - Gerência Administrativa";"180/2026";"Médio";4;01/03/2027;Material;3610;Equipamento para impressão, duplicação e encadernação;"226";"Impressora Multifuncional";630908;"capacidade mínima bandeja: 550, capacidade redução ampliação: 25 a 400, frequência: 60, resolução copiadora: 600 x 600, resolução impressão: 1200 x 1200, resolução scanner: 600 x 600, tensão alimentação: 127, tipo impressão: laser, velocidade copiadora colorida: 8, velocidade copiadora preto e branco: 42, velocidade impressão colorida: 2, velocidade impressão preto e branco: 45";"UN";900,0000;50,00000;45.000,0000
"20/2027";Aprovada;;"Manutenção de equipamentos para apoio no processo de monitoramento do Coral Sol - GLN";SERVICOS;261101;14/12/2026;12/02/2027;60;"GLN - Gerência Litoral Norte";"254/2026";"Alto";1;12/02/2027;Serviço;871;Serviços De Manutenção E Reparo De Produtos Fabricados De Metal,Maquinaria E Equipamentos;"";"";17515;"Manutenção de Equipamento Oceanográfico";"";600,0000;16,00000;9.600,0000
"28/2027";Aprovada;;"Construção de Sede Administrativa no Parque Estadual Caverna do Diabo - GVRAP";SERVICOS;261101;11/02/2027;12/04/2027;60;"GVRAP - Gerência do Alto Paranapanema";"213/2026";"Médio";1;12/04/2027;Serviço;541;Serviços gerais de construção dos edifícios;"";"";1619;"Obras civis de edificação prediais";"";500.000,0000;1,00000;500.000,0000
"28/2027";Aprovada;;"Construção de Sede Administrativa no Parque Estadual Caverna do Diabo - GVRAP";SERVICOS;261101;11/02/2027;12/04/2027;60;"GVRAP - Gerência do Alto Paranapanema";"212/2026";"Alto";1;01/01/2027;Serviço;542;Serviços gerais de construção para obras de engenharia civil;"";"";;"";"";500.000,0000;1,00000;500.000,0000
"38/2027";Aprovada;;"Aquisição de equipamentos cooperação técnico-científica visando o monitoramento marinho - FF-UNIFESP";BENS;261101;14/01/2027;15/03/2027;60;"Programa Oceanos";"198/2026";"Alto";1;15/03/2027;Material;6760;Equipamento fotográfico e acessórios;"";"";;"";"";87.600,0000;1,00000;87.600,0000
"38/2027";Aprovada;;"Aquisição de equipamentos cooperação técnico-científica visando o monitoramento marinho - FF-UNIFESP";BENS;261101;14/01/2027;15/03/2027;60;"Programa Oceanos";"198/2026";"Alto";3;15/03/2027;Serviço;163;Serviços de hospedagem em tecnologia da informação e  comunicacão (tic);"";"";;"";"";18.000,0000;1,00000;18.000,0000
"38/2027";Aprovada;;"Aquisição de equipamentos cooperação técnico-científica visando o monitoramento marinho - FF-UNIFESP";BENS;261101;14/01/2027;15/03/2027;60;"Programa Oceanos";"198/2026";"Alto";3;15/03/2027;Material;9999;Itens diversos;"";"";;"";"";27.000,0000;1,00000;27.000,0000
"3/2027";Aprovada;;"Aquisição de embarcação DPRO";BENS;261101;04/01/2027;03/03/2027;58;"DPRO";"214/2026";"Médio";1;03/03/2027;Material;1935;Bateloes E Chatas Para Fins Especiais;"";"";;"";"";40.000,0000;1,00000;40.000,0000
"6/2027";Aprovada;;"Motor De Popa GLC - Gerência Litoral Centro";BENS;261101;28/01/2027;31/03/2027;62;"GLC - Gerência Litoral Centro";"248/2026";"Baixo";1;31/03/2027;Material;2815;Motores diesel e componentes;"9964";"Motor De Popa";617638;"capacidade tanque: 25, cilindrada: 430, potência: 30, sistema partida: manual, tipo motor: 2 tempos";"UN";20.000,0000;1,00000;20.000,0000
"8/2027";Aprovada;;"Equipamentos para desenvolvimento de atividades de uso público - DPLAN ";BENS;261101;02/04/2027;01/06/2027;60;"DPLAN";"194/2026";"Médio";1;01/06/2027;Material;6730;Equipamento para projeção fotográfica;"";"";;"";"";12.000,0000;1,00000;12.000,0000
"8/2027";Aprovada;;"Equipamentos para desenvolvimento de atividades de uso público - DPLAN ";BENS;261101;02/04/2027;01/06/2027;60;"DPLAN";"194/2026";"Médio";2;01/06/2027;Material;5895;Equipamentos diversos para comunicações;"";"";;"";"";3.500,0000;1,00000;3.500,0000
"8/2027";Aprovada;;"Equipamentos para desenvolvimento de atividades de uso público - DPLAN ";BENS;261101;02/04/2027;01/06/2027;60;"DPLAN";"194/2026";"Médio";3;01/06/2027;Material;7090;Suprimentos De Informática - Tic;"";"";;"";"";5.000,0000;1,00000;5.000,0000
"8/2027";Aprovada;;"Equipamentos para desenvolvimento de atividades de uso público - DPLAN ";BENS;261101;02/04/2027;01/06/2027;60;"DPLAN";"194/2026";"Médio";4;01/06/2027;Material;3610;Equipamento Para Impressão, Duplicação E Encadernação;"";"";;"";"";15.000,0000;1,00000;15.000,0000
"13/2027";Aprovada;;"Mochila Costa para combate a Incêndios florestais 20 litros - DPRO";BENS;261101;01/01/2027;02/03/2027;60;"DPRO";"255/2026";"Médio";1;01/03/2027;Material;4210;Equipamentos Para Combate A Incêndio;"";"";;"";"";155.890,0000;1,00000;155.890,0000
"21/2027";Aprovada;;"Aluguel de vaga mensal para embarcação da APAMLS em marina local - GLS";SERVICOS;261101;03/12/2026;01/02/2027;60;"GLS - Gerência Litoral Sul";"208/2026";"Médio";1;01/02/2027;Serviço;721;Serviços Imobiliários Relativos A Locação Ou Arrendamento;"";"";;"";"";18.000,0000;1,00000;18.000,0000
"31/2027";Aprovada;;"Contratação de laudistas para as áreas do Mosaico do Jacupiranga e PE Jurupara - GVRAP";SERVICOS;261101;04/12/2026;02/02/2027;60;"GVRAP - Gerência do Alto Paranapanema";"279/2026";"Alto";1;02/02/2027;Serviço;835;SERVIÇOS CIENTÍFICOS E OUTROS SERVIÇOS TÉCNICOS;"";"";876;"PERÍCIA, LAUDO E AVALIAÇÃO";"";300,0000;500,00000;150.000,0000
"35/2027";Aprovada;;"Aquisição de equipamentos para o monitoramento marinho de cetáceos - IO/USP ? Programa Oceanos";BENS;261101;14/01/2027;15/03/2027;60;"Programa Oceanos";"199/2026";"Alto";1;15/03/2027;Material;7520;Acessórios e dispositivos para escritório;"";"";;"";"";4.500,0000;1,00000;4.500,0000
"35/2027";Aprovada;;"Aquisição de equipamentos para o monitoramento marinho de cetáceos - IO/USP ? Programa Oceanos";BENS;261101;14/01/2027;15/03/2027;60;"Programa Oceanos";"199/2026";"Alto";2;15/03/2027;Material;8415;Vestuário para fins especiais;"";"";;"";"";105.642,3000;1,00000;105.642,3000
"35/2027";Aprovada;;"Aquisição de equipamentos para o monitoramento marinho de cetáceos - IO/USP ? Programa Oceanos";BENS;261101;14/01/2027;15/03/2027;60;"Programa Oceanos";"199/2026";"Alto";3;15/03/2027;Material;4220;Equipamento para mergulho e salvamento marítimo;"";"";;"";"";136.254,4000;1,00000;136.254,4000
"35/2027";Aprovada;;"Aquisição de equipamentos para o monitoramento marinho de cetáceos - IO/USP ? Programa Oceanos";BENS;261101;14/01/2027;15/03/2027;60;"Programa Oceanos";"199/2026";"Alto";2;15/03/2027;Serviço;163;Serviços de hospedagem em tecnologia da informação e  comunicacão (tic);"";"";;"";"";3.680,0000;1,00000;3.680,0000
"35/2027";Aprovada;;"Aquisição de equipamentos para o monitoramento marinho de cetáceos - IO/USP ? Programa Oceanos";BENS;261101;14/01/2027;15/03/2027;60;"Programa Oceanos";"199/2026";"Alto";4;15/03/2027;Material;6135;Baterias nao recarregáveis;"";"";;"";"";23.716,8000;1,00000;23.716,8000
"35/2027";Aprovada;;"Aquisição de equipamentos para o monitoramento marinho de cetáceos - IO/USP ? Programa Oceanos";BENS;261101;14/01/2027;15/03/2027;60;"Programa Oceanos";"199/2026";"Alto";5;15/03/2027;Material;7060;Peças e acessórios para computadores;"";"";;"";"";36.998,0000;1,00000;36.998,0000
"35/2027";Aprovada;;"Aquisição de equipamentos para o monitoramento marinho de cetáceos - IO/USP ? Programa Oceanos";BENS;261101;14/01/2027;15/03/2027;60;"Programa Oceanos";"199/2026";"Alto";6;15/03/2027;Material;5835;Equipamentos para gravação e reprodução de som;"";"";;"";"";10.400,0000;1,00000;10.400,0000
"35/2027";Aprovada;;"Aquisição de equipamentos para o monitoramento marinho de cetáceos - IO/USP ? Programa Oceanos";BENS;261101;14/01/2027;15/03/2027;60;"Programa Oceanos";"199/2026";"Alto";7;15/03/2027;Material;5835;Equipamentos para gravação e reprodução de som;"";"";;"";"";48.993,0000;1,00000;48.993,0000
"35/2027";Aprovada;;"Aquisição de equipamentos para o monitoramento marinho de cetáceos - IO/USP ? Programa Oceanos";BENS;261101;14/01/2027;15/03/2027;60;"Programa Oceanos";"199/2026";"Alto";8;15/03/2027;Material;9999;Itens diversos;"";"";;"";"";51.500,0700;1,00000;51.500,0700
"26/2027";Aprovada;;"Aquisição de materiais para manutenção de piscina ";BENS;261101;07/01/2027;10/03/2027;62;"GVRAP - Gerência do Alto Paranapanema";"277/2026";"Médio";1;10/03/2027;Material;6850;Especialidades químicas diversas;"2287";"Algicida";274321;"aspecto físico: líquido, composição: cloreto de alquil dimetil benzil amônio, uso: tratamento água de piscina, apresentação: solução";"FR";30,0000;50,00000;1.500,0000
"26/2027";Aprovada;;"Aquisição de materiais para manutenção de piscina ";BENS;261101;07/01/2027;10/03/2027;62;"GVRAP - Gerência do Alto Paranapanema";"277/2026";"Médio";2;10/03/2027;Material;6850;Especialidades químicas diversas;"1711";"Clarificante";415362;"aplicação: piscina, aspecto físico: líquido, composição: policloreto de alumíno";"EMB";120,0000;10,00000;1.200,0000
"26/2027";Aprovada;;"Aquisição de materiais para manutenção de piscina ";BENS;261101;07/01/2027;10/03/2027;62;"GVRAP - Gerência do Alto Paranapanema";"277/2026";"Médio";3;10/03/2027;Material;6810;Produtos químicos;"8257";"Hipoclorito De Cálcio";356562;"aspecto físico: pó branco granulado, odor de cloro, fórmula química: ca cl2o2 anidro, número de referência química: cas 7778-54-3, peso molecular: 142,98, teor de pureza: pureza mínima de 98% , teor mínimo de cloro 65%";"KG";35,0000;200,00000;7.000,0000
"26/2027";Aprovada;;"Aquisição de materiais para manutenção de piscina ";BENS;261101;07/01/2027;10/03/2027;62;"GVRAP - Gerência do Alto Paranapanema";"277/2026";"Médio";4;10/03/2027;Material;6810;Produtos químicos;"8257";"Hipoclorito De Cálcio";391712;"aspecto físico: em pastilha, fórmula química: ca cl2o2 anidro, número de referência química: cas 7778-54-3, peso molecular: 142,98, teor de pureza: pureza mínima de 98% , teor mínimo de cloro 65%";"PAST";12,0000;100,00000;1.200,0000
"29/2027";Aprovada;;"Prestação de serviços para construção de alojamento/casa de pesquisa na Caverna do Diabo - GVRAP";SERVICOS;261101;05/11/2026;04/01/2027;60;"GVRAP - Gerência do Alto Paranapanema";"224/2026";"Alto";1;04/01/2027;Serviço;542;Serviços gerais de construção para obras de engenharia civil;"";"";;"";"";500.000,0000;1,00000;500.000,0000
